date,benchmark,etf,sector_name,provider,rank,universe_size,price,return_5d,return_20d,return_60d,benchmark_return_5d,benchmark_return_20d,benchmark_return_60d,relative_return_5d,relative_return_20d,relative_return_60d,rs_ratio,rs_change_5d,rs_change_20d,rs_high_20d,rs_high_60d,rs_ma_20,ma_20,ma_50,ma_200,above_ma_20,above_ma_50,above_ma_200,ma_bullish_alignment,moving_average_state,volume,volume_average_period,volume_ma,volume_ma_20,volume_ratio,outperform_days_5d,underperform_days_5d,rsi_period,rsi,rsi_14,volatility_period,volatility,volatility_20d,leadership_participant,sigma_available,sigma_session_date,sigma_generated_at,sigma_price,sigma_previous_close,sigma_anchor,sigma_percent,sigma_zscore,sigma_status,sigma_interpretation,signal,signal_reason,generated_at_utc
2026-09-03,QQQ,CIBR,사이버보안,yfinance (Yahoo Finance),8.0,11.0,95.31999969482422,-0.0542712686875314,-0.0111007334951713,0.1311592619143631,-0.0047704268576022,0.0042257865989296,0.0150158541398417,-0.0495008418299292,-0.015326520094101,0.1161434077745213,0.1328187077133991,-0.049738113864153,-0.015262026029035,False,False,0.1353796872744521,97.17699966430663,93.6434001159668,77.16637882232666,False,True,True,True,정배열 · 20일선 아래/50일선 위/200일선 위,1263900,20.0,1716790.0,1716790.0,0.7361995351790259,2.0,3.0,14.0,49.77633496072436,49.77633496072436,20.0,0.4190543721542271,0.4190543721542271,False,,,,,,,,,,,약화,"CIBR는 최근 20거래일 안에 강한 주도 조건을 보였지만, 현재 RS 비율이 20일선 아래로 내려갔기 때문에 모멘텀 약화로 판정됐습니다.",2026-09-04T19:58:09+00:00
2026-09-03,QQQ,IGV,소프트웨어,yfinance (Yahoo Finance),3.0,11.0,106.9499969482422,-0.0305475231680963,0.075739276986317,0.1508343665117844,-0.0047704268576022,0.0042257865989296,0.0150158541398417,-0.0257770963104941,0.0715134903873873,0.1358185123719426,0.1490239239414184,-0.0259006534835013,0.0712125613001692,False,False,0.1456208306461001,104.50699996948242,97.53919982910156,93.6271015548706,True,True,True,True,정배열 · 20일선 위/50일선 위/200일선 위,9971600,20.0,11338740.0,11338740.0,0.87942752016538,2.0,3.0,14.0,58.43550001017727,58.43550001017727,20.0,0.4127646092605098,0.4127646092605098,True,,,,,,,,,,,중립,"IGV의 QQQ 대비 상대수익률은 5일 -2.6%, 20일 +7.2%, 60일 +13.6%이며, 현재는 다른 명시적 조건을 충족하지 않아 중립으로 판정됐습니다.",2026-09-04T19:58:09+00:00
2026-09-03,QQQ,IWM,중소형주,yfinance (Yahoo Finance),7.0,11.0,295.19000244140625,-0.0154097433534869,-0.0102598409340947,0.0381447482483536,-0.0047704268576022,0.0042257865989296,0.0150158541398417,-0.0106393164958847,-0.0144856275330244,0.0231288941085119,0.4113171924014558,-0.0106903138562206,-0.0144246719476143,False,False,0.4168048233453379,299.143000793457,297.0720007324219,271.6541033172608,False,False,True,True,정배열 · 20일선 아래/50일선 아래/200일선 위,16651200,20.0,16941490.0,16941490.0,0.982865143502726,2.0,3.0,14.0,46.68971621620494,46.68971621620494,20.0,0.1281385789094505,0.1281385789094505,False,,,,,,,,,,,개선 중,"IWM는 QQQ 대비 20일 상대수익률이 아직 -1.4%이지만, 5일 상대수익률이 -1.1%로 중기 값보다 빠르게 개선돼 개선 중으로 판정됐습니다.",2026-09-04T19:58:09+00:00
2026-09-03,QQQ,SKYY,클라우드,yfinance (Yahoo Finance),2.0,11.0,163.9199981689453,-0.0160864816109617,0.0885185082357338,0.2026411922140547,-0.0047704268576022,0.0042257865989296,0.0150158541398417,-0.0113160547533595,0.0842927216368041,0.187625338074213,0.2284058161444187,-0.0113702959183874,0.0839380174873651,False,False,0.2256280136735694,161.93699951171874,147.7531999206543,129.41345008850098,True,True,True,True,정배열 · 20일선 위/50일선 위/200일선 위,298900,20.0,277460.0,277460.0,1.0772723996251712,2.0,3.0,14.0,60.4267032597696,60.4267032597696,20.0,0.3327821113179894,0.3327821113179894,True,,,,,,,,,,,중립,"SKYY의 QQQ 대비 상대수익률은 5일 -1.1%, 20일 +8.4%, 60일 +18.8%이며, 현재는 다른 명시적 조건을 충족하지 않아 중립으로 판정됐습니다.",2026-09-04T19:58:09+00:00
2026-09-03,QQQ,SMH,반도체,yfinance (Yahoo Finance),10.0,11.0,552.5999755859375,-0.0356021368482766,-0.0330370363408467,-0.0649904968528699,-0.0047704268576022,0.0042257865989296,0.0150158541398417,-0.0308317099906744,-0.0372628229397764,-0.0800063509927117,0.7699917632686004,-0.0309794954076016,-0.0371060208142798,False,False,0.7887894113386811,566.2034973144531,575.3634002685546,476.1314974975586,False,False,True,False,정배열 아님 · 20일선 아래/50일선 아래/200일선 위,5623500,20.0,6665375.0,6665375.0,0.843688464640024,2.0,3.0,14.0,45.67805883366164,45.67805883366164,20.0,0.305547896491024,0.305547896491024,False,,,,,,,,,,,약세,"SMH는 QQQ 대비 20일 상대수익률이 -3.7%, 60일 상대수익률이 -8.0%이고, 현재 가격 552.60가 20일선(566.20)과 50일선(575.36) 아래라 약세로 판정됐습니다.",2026-09-04T19:58:09+00:00
2026-09-03,QQQ,XLC,커뮤니케이션 서비스,yfinance (Yahoo Finance),5.0,11.0,113.37999725341795,0.0176823761471482,0.019787704103287,0.0196892519221911,-0.0047704268576022,0.0042257865989296,0.0150158541398417,0.0224528030047505,0.0155619175043573,0.0046733977823494,0.1579834742337437,0.0225604258662217,0.0154964328859368,False,False,0.1557524114607718,111.77349967956545,110.45879959106443,113.59803462982178,True,True,False,False,정배열 아님 · 20일선 위/50일선 위/200일선 아래,3367500,20.0,4011055.0,4011055.0,0.8395546807510742,3.0,2.0,14.0,56.77761710203373,56.77761710203373,20.0,0.1626121565597384,0.1626121565597384,True,,,,,,,,,,,중립,"XLC의 QQQ 대비 상대수익률은 5일 +2.2%, 20일 +1.6%, 60일 +0.5%이며, 현재는 다른 명시적 조건을 충족하지 않아 중립으로 판정됐습니다.",2026-09-04T19:58:09+00:00
2026-09-03,QQQ,XLE,에너지,yfinance (Yahoo Finance),1.0,11.0,64.62000274658203,0.0374057119410617,0.1110729524779627,0.1341004895049276,-0.0047704268576022,0.0042257865989296,0.0150158541398417,0.042176138798664,0.106847165879033,0.1190846353650858,0.0900413898942067,0.0423783013857741,0.1063975525274036,False,False,0.0871643922984155,62.54300022125244,59.0036003112793,54.27417539596558,True,True,True,True,정배열 · 20일선 위/50일선 위/200일선 위,24070700,20.0,25432115.0,25432115.0,0.9464686676668456,4.0,1.0,14.0,67.65796884433351,67.65796884433351,20.0,0.2184828990812413,0.2184828990812413,True,,,,,,,,,,,중립,"XLE의 QQQ 대비 상대수익률은 5일 +4.2%, 20일 +10.7%, 60일 +11.9%이며, 현재는 다른 명시적 조건을 충족하지 않아 중립으로 판정됐습니다.",2026-09-04T19:58:09+00:00
2026-09-03,QQQ,XLF,금융,yfinance (Yahoo Finance),6.0,11.0,58.560001373291016,0.0117484501144968,0.0129735336824694,0.1201894123562863,-0.0047704268576022,0.0042257865989296,0.0150158541398417,0.016518876972099,0.0087477470835397,0.1051735582164445,0.0815973954154106,0.0165980567879846,0.0087109365247095,False,False,0.0805950710519379,57.83899993896485,56.765400085449215,53.18341398239136,True,True,True,True,정배열 · 20일선 위/50일선 위/200일선 위,32670500,20.0,27461120.0,27461120.0,1.1897002015941085,4.0,1.0,14.0,60.54376622887061,60.54376622887061,20.0,0.1178274568703088,0.1178274568703088,True,,,,,,,,,,,중립,"XLF의 QQQ 대비 상대수익률은 5일 +1.7%, 20일 +0.9%, 60일 +10.5%이며, 현재는 다른 명시적 조건을 충족하지 않아 중립으로 판정됐습니다.",2026-09-04T19:58:09+00:00
2026-09-03,QQQ,XLI,산업재,yfinance (Yahoo Finance),11.0,11.0,174.55999755859375,-0.0237136768500876,-0.0552067398327661,-0.0034768662175678,-0.0047704268576022,0.0042257865989296,0.0150158541398417,-0.0189432499924854,-0.0594325264316958,-0.0184927203574095,0.2432315712171099,-0.0190340505383825,-0.0591824340948058,False,False,0.2517789325669296,180.71999969482425,181.3657995605469,170.0655389404297,False,False,True,False,정배열 아님 · 20일선 아래/50일선 아래/200일선 위,8340600,20.0,6334865.0,6334865.0,1.316618428332727,0.0,5.0,14.0,36.5373307753524,36.5373307753524,20.0,0.1216596474350721,0.1216596474350721,False,,,,,,,,,,,약세,"XLI는 QQQ 대비 20일 상대수익률이 -5.9%, 60일 상대수익률이 -1.8%이고, 현재 가격 174.56가 20일선(180.72)과 50일선(181.37) 아래라 약세로 판정됐습니다.",2026-09-04T19:58:09+00:00
2026-09-03,QQQ,XLV,헬스케어,yfinance (Yahoo Finance),4.0,11.0,173.25999450683594,0.009791308181914,0.053572500590356,0.1258594956026129,-0.0047704268576022,0.0042257865989296,0.0150158541398417,0.0145617350395163,0.0493467139914263,0.1108436414627711,0.2414201494177945,0.0146315337008509,0.0491390627983689,False,False,0.2383466677493836,171.02399749755858,165.41159942626953,154.43953315734862,True,True,True,True,정배열 · 20일선 위/50일선 위/200일선 위,5933900,20.0,7477605.0,7477605.0,0.7935562255561774,3.0,2.0,14.0,61.27062689048969,61.27062689048969,20.0,0.1859813811129282,0.1859813811129282,True,,,,,,,,,,,중립,"XLV의 QQQ 대비 상대수익률은 5일 +1.5%, 20일 +4.9%, 60일 +11.1%이며, 현재는 다른 명시적 조건을 충족하지 않아 중립으로 판정됐습니다.",2026-09-04T19:58:09+00:00
2026-09-03,QQQ,XLY,경기소비재,yfinance (Yahoo Finance),9.0,11.0,116.45999908447266,0.0050051936900401,-0.0138865318445182,0.0070946902146913,-0.0047704268576022,0.0042257865989296,0.0150158541398417,0.0097756205476423,-0.0181123184434479,-0.0079211639251504,0.1622751429734132,0.0098224779603126,-0.0180361017264752,False,False,0.1636340634762521,117.43549880981443,116.21739959716795,116.66613193511962,False,True,False,False,정배열 아님 · 20일선 아래/50일선 위/200일선 아래,5658600,20.0,5005745.0,5005745.0,1.1304211461031275,3.0,2.0,14.0,49.41792838834176,49.41792838834176,20.0,0.1683458655390385,0.1683458655390385,False,,,,,,,,,,,개선 중,"XLY는 QQQ 대비 20일 상대수익률이 아직 -1.8%이지만, 5일 상대수익률이 +1.0%로 중기 값보다 빠르게 개선돼 개선 중으로 판정됐습니다.",2026-09-04T19:58:09+00:00
2026-09-04,QQQ,CIBR,사이버보안,yfinance (Yahoo Finance),9.0,11.0,94.58999633789062,-0.0402800458506805,-0.0333163228111103,0.1371932100261879,0.0035314396699468,-0.0056290985979886,0.037567358096902,-0.0438114855206274,-0.0276872242131216,0.0996258519292858,0.1315650292743093,-0.0436573123558906,-0.0278439606127695,False,False,0.1351912766004084,97.01399955749513,93.86199996948244,77.27249523162841,False,True,True,True,정배열 · 20일선 아래/50일선 위/200일선 위,1046200,20.0,1711335.0,1711335.0,0.611335594725755,2.0,3.0,14.0,48.42767832453871,48.42767832453871,20.0,0.4157595980655899,0.4157595980655899,False,False,,,,,,,,,,약화,"CIBR는 최근 20거래일 안에 강한 주도 조건을 보였지만, 현재 RS 비율이 20일선 아래로 내려갔기 때문에 모멘텀 약화로 판정됐습니다.",2026-09-09T01:27:01+00:00
2026-09-04,QQQ,IGV,소프트웨어,yfinance (Yahoo Finance),4.0,11.0,104.56999969482422,-0.0450228338372217,0.0183075003283856,0.1420572430175204,0.0035314396699468,-0.0056290985979886,0.037567358096902,-0.0485542735071685,0.0239365989263743,0.1044898849206183,0.1454461951972084,-0.0483834104122714,0.0240721031685711,False,False,0.1457917754362878,104.60099983215332,97.93539978027344,93.622600440979,False,True,True,True,정배열 · 20일선 아래/50일선 위/200일선 위,12209900,20.0,11540470.0,11540470.0,1.05800716955202,2.0,3.0,14.0,53.569213372607,53.569213372607,20.0,0.4079060767036327,0.4079060767036327,False,False,,,,,,,,,,약화,"IGV는 최근 20거래일 안에 강한 주도 조건을 보였지만, 현재 RS 비율이 20일선 아래로 내려갔기 때문에 모멘텀 약화로 판정됐습니다.",2026-09-09T01:27:01+00:00
2026-09-04,QQQ,IWM,중소형주,yfinance (Yahoo Finance),7.0,11.0,296.010009765625,0.0008791538989856,-0.0184042573215977,0.0519906809842254,0.0035314396699468,-0.0056290985979886,0.037567358096902,-0.0026522857709612,-0.0127751587236091,0.0144233228873233,0.4117197072424744,-0.002642952344207,-0.01284747844652,False,False,0.4165369032443752,298.8655014038086,297.01400085449217,271.979048538208,False,False,True,True,정배열 · 20일선 아래/50일선 아래/200일선 위,13951100,20.0,16718205.0,16718205.0,0.8344855204251892,3.0,2.0,14.0,48.16352654422048,48.16352654422048,20.0,0.1213895536702804,0.1213895536702804,False,False,,,,,,,,,,개선 중,"IWM는 QQQ 대비 20일 상대수익률이 아직 -1.3%이지만, 5일 상대수익률이 -0.3%로 중기 값보다 빠르게 개선돼 개선 중으로 판정됐습니다.",2026-09-09T01:27:01+00:00
2026-09-04,QQQ,SKYY,클라우드,yfinance (Yahoo Finance),3.0,11.0,161.55999755859375,-0.0216785869219222,0.0345136674959649,0.2090098904080306,0.0035314396699468,-0.0056290985979886,0.037567358096902,-0.0252100265918691,0.0401427660939536,0.1714425323111286,0.2247134647560949,-0.0251213121934281,0.0403700128768396,False,False,0.2260639972829353,162.20649948120118,148.45399993896484,129.57720008850097,False,True,True,True,정배열 · 20일선 아래/50일선 위/200일선 위,155100,20.0,253000.0,253000.0,0.6130434782608696,2.0,3.0,14.0,56.34625342802819,56.34625342802819,20.0,0.315609336988248,0.315609336988248,False,False,,,,,,,,,,약화,"SKYY는 최근 20거래일 안에 강한 주도 조건을 보였지만, 현재 RS 비율이 20일선 아래로 내려갔기 때문에 모멘텀 약화로 판정됐습니다.",2026-09-09T01:27:01+00:00
2026-09-04,QQQ,SMH,반도체,yfinance (Yahoo Finance),8.0,11.0,567.010009765625,0.0251306698164697,-0.0269263808352755,-0.0068311354895861,0.0035314396699468,-0.0056290985979886,0.037567358096902,0.0215992301465228,-0.0212972822372868,-0.0443984935864881,0.7886530438923205,0.0215232221858705,-0.0214178454008044,False,False,0.7879263642817951,565.4189971923828,573.9660003662109,477.2703256225586,True,False,True,False,정배열 아님 · 20일선 위/50일선 아래/200일선 위,9451200,20.0,6812685.0,6812685.0,1.387294436774928,3.0,2.0,14.0,51.15881466647576,51.15881466647576,20.0,0.3122418506849495,0.3122418506849495,False,False,,,,,,,,,,개선 중,"SMH는 QQQ 대비 20일 상대수익률이 아직 -2.1%이지만, 5일 상대수익률이 +2.2%로 중기 값보다 빠르게 개선돼 개선 중으로 판정됐습니다.",2026-09-09T01:27:01+00:00
2026-09-04,QQQ,XLC,커뮤니케이션 서비스,yfinance (Yahoo Finance),6.0,11.0,112.02999877929688,-0.0084963191664992,0.0070112249824438,0.0118137766021515,0.0035314396699468,-0.0056290985979886,0.037567358096902,-0.0120277588364461,0.0126403235804325,-0.0257535814947504,0.1558222924160832,-0.0119854330028782,0.0127118800063541,False,False,0.1558502079971122,111.81249961853028,110.5877995300293,113.60727443695068,True,True,False,False,정배열 아님 · 20일선 위/50일선 위/200일선 아래,2689600,20.0,3987220.0,3987220.0,0.674555203876385,2.0,3.0,14.0,51.78524167909356,51.78524167909356,20.0,0.168985556178062,0.168985556178062,False,False,,,,,,,,,,중립,"XLC의 QQQ 대비 상대수익률은 5일 -1.2%, 20일 +1.3%, 60일 -2.6%이며, 현재는 다른 명시적 조건을 충족하지 않아 중립으로 판정됐습니다.",2026-09-09T01:27:01+00:00
2026-09-04,QQQ,XLE,에너지,yfinance (Yahoo Finance),1.0,11.0,64.05999755859375,0.0220165482881149,0.1140869140625,0.1076735058626485,0.0035314396699468,-0.0056290985979886,0.037567358096902,0.0184851086181681,0.1197160126604887,0.0701061477657465,0.0891009174374233,0.0184200592900685,0.1203937207853682,False,False,0.0876431164637099,62.871000099182126,59.20300025939942,54.37358102798462,True,True,True,True,정배열 · 20일선 위/50일선 위/200일선 위,26281800,20.0,25691570.0,25691570.0,1.0229736835857053,3.0,2.0,14.0,63.18041904127176,63.18041904127176,20.0,0.2159540764828137,0.2159540764828137,True,False,,,,,,,,,,중립,"XLE의 QQQ 대비 상대수익률은 5일 +1.8%, 20일 +12.0%, 60일 +7.0%이며, 현재는 다른 명시적 조건을 충족하지 않아 중립으로 판정됐습니다.",2026-09-09T01:27:01+00:00
2026-09-04,QQQ,XLF,금융,yfinance (Yahoo Finance),5.0,11.0,58.09999847412109,0.0,0.0086805557855118,0.1162842002329818,0.0035314396699468,-0.0056290985979886,0.037567358096902,-0.0035314396699468,0.0143096543835005,0.0787168421360797,0.0808111671003742,-0.003519012489642,0.014390660832215,False,False,0.0806523924638012,57.863999938964845,56.85840003967285,53.21976127624512,True,True,True,True,정배열 · 20일선 위/50일선 위/200일선 위,26345200,20.0,27737545.0,27737545.0,0.9498028754888004,3.0,2.0,14.0,55.51453661363705,55.51453661363705,20.0,0.1207890878966338,0.1207890878966338,True,False,,,,,,,,,,중립,"XLF의 QQQ 대비 상대수익률은 5일 -0.4%, 20일 +1.4%, 60일 +7.9%이며, 현재는 다른 명시적 조건을 충족하지 않아 중립으로 판정됐습니다.",2026-09-09T01:27:01+00:00
2026-09-04,QQQ,XLI,산업재,yfinance (Yahoo Finance),11.0,11.0,175.27000427246094,-0.010556594352663,-0.053515437926769,0.035607830790812,0.0035314396699468,-0.0056290985979886,0.037567358096902,-0.0140880340226099,-0.0478863393287803,-0.0019595273060899,0.2437826845942859,-0.0140384580549298,-0.0481574222066063,False,False,0.251162236805332,180.2245002746582,181.1887997436524,170.19579467773437,False,False,True,False,정배열 아님 · 20일선 아래/50일선 아래/200일선 위,5841600,20.0,6318435.0,6318435.0,0.9245327363500614,1.0,4.0,14.0,38.92361955962639,38.92361955962639,20.0,0.1228146498139055,0.1228146498139055,False,False,,,,,,,,,,약세,"XLI는 QQQ 대비 20일 상대수익률이 -4.8%, 60일 상대수익률이 -0.2%이고, 현재 가격 175.27가 20일선(180.22)과 50일선(181.19) 아래라 약세로 판정됐습니다.",2026-09-09T01:27:01+00:00
2026-09-04,QQQ,XLV,헬스케어,yfinance (Yahoo Finance),2.0,11.0,171.4499969482422,0.001694281841132,0.0348261982589064,0.1266347571299626,0.0035314396699468,-0.0056290985979886,0.037567358096902,-0.0018371578288147,0.040455296856895,0.0890673990330606,0.2384694443479958,-0.0018306928474697,0.0406843128654059,False,False,0.2388128016846584,171.31249771118163,165.72799926757813,154.5478946685791,True,True,True,True,정배열 · 20일선 위/50일선 위/200일선 위,6083000,20.0,7383165.0,7383165.0,0.823901402718211,2.0,3.0,14.0,55.52972715219661,55.52972715219661,20.0,0.1906688043713837,0.1906688043713837,False,False,,,,,,,,,,중립,"XLV의 QQQ 대비 상대수익률은 5일 -0.2%, 20일 +4.0%, 60일 +8.9%이며, 현재는 다른 명시적 조건을 충족하지 않아 중립으로 판정됐습니다.",2026-09-09T01:27:01+00:00
2026-09-04,QQQ,XLY,경기소비재,yfinance (Yahoo Finance),10.0,11.0,114.91000366210938,-0.0196228601683179,-0.041298155540095,0.0145297875261236,0.0035314396699468,-0.0056290985979886,0.037567358096902,-0.0231542998382647,-0.0356690569421064,-0.0230375705707783,0.1598280852206823,-0.023072819567945,-0.0358709782152866,False,False,0.1633367386559428,117.18799896240236,116.24859970092774,116.6722894668579,False,False,False,False,정배열 아님 · 20일선 아래/50일선 아래/200일선 아래,5120000,20.0,5007880.0,5007880.0,1.022388715384554,2.0,3.0,14.0,44.58446500161063,44.58446500161063,20.0,0.1635028155840902,0.1635028155840902,False,False,,,,,,,,,,약세,"XLY는 QQQ 대비 20일 상대수익률이 -3.6%, 60일 상대수익률이 -2.3%이고, 현재 가격 114.91가 20일선(117.19)과 50일선(116.25) 아래라 약세로 판정됐습니다.",2026-09-09T01:27:01+00:00
2026-09-08,QQQ,CIBR,사이버보안,yfinance (Yahoo Finance),11.0,11.0,94.01000213623048,-0.0613080309146261,-0.0655069228414141,0.1008639341079713,0.0022322333335262,-0.0034819173812566,0.0028299999420606,-0.0635402642481524,-0.0620250054601574,0.0980339341659106,0.1308675372421006,-0.0633987434596982,-0.0622417260077833,False,False,0.1347569737730039,96.6844997406006,94.035,77.37834751129151,False,False,True,True,정배열 · 20일선 아래/50일선 아래/200일선 위,1148500,20.0,1661050.0,1661050.0,0.6914301195027241,1.0,4.0,14.0,47.33043622469346,47.33043622469346,20.0,0.4010671724398031,0.4010671724398031,False,False,,,,,,,,,,약화,"CIBR는 최근 20거래일 안에 강한 주도 조건을 보였지만, 현재 RS 비율이 20일선 아래로 내려갔고, 최근 5거래일 중 4일 QQQ를 언더퍼폼했기 때문에 모멘텀 약화로 판정됐습니다.",2026-09-10T01:23:09+00:00
2026-09-08,QQQ,IGV,소프트웨어,yfinance (Yahoo Finance),8.0,11.0,102.66000366210938,-0.0665575511128836,-0.0223788060786097,0.1293362759961702,0.0022322333335262,-0.0034819173812566,0.0028299999420606,-0.0687897844464099,-0.018896888697353,0.1265062760541095,0.1429088559434,-0.068636571603378,-0.0189629160041872,False,False,0.1456536578933468,104.48349990844729,98.22459991455078,93.61394828796386,False,True,True,True,정배열 · 20일선 아래/50일선 위/200일선 위,12890300,20.0,11728960.0,11728960.0,1.0990147464054785,1.0,4.0,14.0,49.9726015011437,49.9726015011437,20.0,0.405279625466705,0.405279625466705,False,False,,,,,,,,,,약화,"IGV는 최근 20거래일 안에 강한 주도 조건을 보였지만, 현재 RS 비율이 20일선 아래로 내려갔고, 최근 5거래일 중 4일 QQQ를 언더퍼폼했기 때문에 모멘텀 약화로 판정됐습니다.",2026-09-10T01:23:09+00:00
2026-09-08,QQQ,IWM,중소형주,yfinance (Yahoo Finance),7.0,11.0,294.6700134277344,0.002517676897197,-0.017701171291829,0.0170819684633127,0.0022322333335262,-0.0034819173812566,0.0028299999420606,0.0002854435636707,-0.0142192539105723,0.0142519685212521,0.4101982563568376,0.0002848078061921,-0.0142689371709198,False,False,0.4162400122683123,298.6000015258789,296.9108013916016,272.29377243041995,False,False,True,True,정배열 · 20일선 아래/50일선 아래/200일선 위,17332400,20.0,16773480.0,16773480.0,1.033321648220882,3.0,2.0,14.0,45.92898706544157,45.92898706544157,20.0,0.1210777184021492,0.1210777184021492,False,False,,,,,,,,,,개선 중,"IWM는 QQQ 대비 20일 상대수익률이 아직 -1.4%이지만, 5일 상대수익률이 +0.0%로 중기 값보다 빠르게 개선돼 개선 중으로 판정됐습니다.",2026-09-10T01:23:09+00:00
2026-09-08,QQQ,SKYY,클라우드,yfinance (Yahoo Finance),4.0,11.0,159.6199951171875,-0.0345953873678192,-0.0072148505468128,0.1931529120471893,0.0022322333335262,-0.0034819173812566,0.0028299999420606,-0.0368276207013454,-0.0037329331655561,0.1903229121051286,0.2222005656941904,-0.0367455959571895,-0.0037459763457039,False,False,0.2260222228939075,162.14849929809571,149.05499969482423,129.73810005187988,False,True,True,True,정배열 · 20일선 아래/50일선 위/200일선 위,242000,20.0,248930.0,248930.0,0.972160848431286,1.0,4.0,14.0,53.167890987584,53.167890987584,20.0,0.3014896606047865,0.3014896606047865,False,False,,,,,,,,,,약화,"SKYY는 최근 20거래일 안에 강한 주도 조건을 보였지만, 현재 RS 비율이 20일선 아래로 내려갔고, 최근 5거래일 중 4일 QQQ를 언더퍼폼했기 때문에 모멘텀 약화로 판정됐습니다.",2026-09-10T01:23:09+00:00
2026-09-08,QQQ,SMH,반도체,yfinance (Yahoo Finance),2.0,11.0,573.72998046875,0.0307205422559597,0.0075868135929579,-0.0586102732345947,0.0022322333335262,-0.0034819173812566,0.0028299999420606,0.0284883089224334,0.0110687309742146,-0.0614402731766554,0.7986663959128637,0.0284248580068895,0.0111074060443812,False,False,0.7883650472496171,565.6349975585938,573.2084002685547,478.4776947021484,True,True,True,False,정배열 아님 · 20일선 위/50일선 위/200일선 위,8300300,20.0,6903865.0,6903865.0,1.2022685843364551,3.0,2.0,14.0,53.51425455650198,53.51425455650198,20.0,0.304541786961287,0.304541786961287,True,False,,,,,,,,,,주도 후보,"SMH의 QQQ 대비 20일 상대수익률이 전일 -2.1%에서 +1.1%로 양수 전환했고, RS 비율의 5일 변화율도 +2.8%로 상승해 주도 후보로 판정됐습니다.",2026-09-10T01:23:09+00:00
2026-09-08,QQQ,XLC,커뮤니케이션 서비스,yfinance (Yahoo Finance),3.0,11.0,111.5199966430664,0.0005382878080617,-0.0027721110874755,-0.0027638789026435,0.0022322333335262,-0.0034819173812566,0.0028299999420606,-0.0016939455254645,0.0007098062937811,-0.0055938788447041,0.155242495290838,-0.0016901726657009,0.0007122864162341,False,False,0.1558557329178171,111.79699935913088,110.6945994567871,113.61084239959716,False,True,False,False,정배열 아님 · 20일선 아래/50일선 위/200일선 아래,5657900,20.0,4057265.0,4057265.0,1.394510834268898,2.0,3.0,14.0,49.99671689561192,49.99671689561192,20.0,0.1688540378723011,0.1688540378723011,False,False,,,,,,,,,,중립,"XLC의 QQQ 대비 상대수익률은 5일 -0.2%, 20일 +0.1%, 60일 -0.6%이며, 현재는 다른 명시적 조건을 충족하지 않아 중립으로 판정됐습니다.",2026-09-10T01:23:09+00:00
2026-09-08,QQQ,XLE,에너지,yfinance (Yahoo Finance),1.0,11.0,64.7699966430664,0.0126641271136351,0.0762711252013048,0.1421061326535746,0.0022322333335262,-0.0034819173812566,0.0028299999420606,0.0104318937801088,0.0797530425825615,0.1392761327115139,0.0901637033852438,0.0104086592240315,0.0800317063720299,False,False,0.0879771786487443,63.10049991607666,59.42160018920899,54.47477617263794,True,True,True,True,정배열 · 20일선 위/50일선 위/200일선 위,28088200,20.0,25412090.0,25412090.0,1.105308536212488,3.0,2.0,14.0,66.23169284563457,66.23169284563457,20.0,0.1542779363518581,0.1542779363518581,True,False,,,,,,,,,,중립,"XLE의 QQQ 대비 상대수익률은 5일 +1.0%, 20일 +8.0%, 60일 +13.9%이며, 현재는 다른 명시적 조건을 충족하지 않아 중립으로 판정됐습니다.",2026-09-10T01:23:09+00:00
2026-09-08,QQQ,XLF,금융,yfinance (Yahoo Finance),6.0,11.0,57.29999923706055,-0.007104485425688,-0.0088220398566898,0.092754068750561,0.0022322333335262,-0.0034819173812566,0.0028299999420606,-0.0093367187592143,-0.0053401224754331,0.0899240688085003,0.0797650208885426,-0.0093159234443694,-0.005358781309216,False,False,0.0806309051528475,57.83849983215332,56.933000030517576,53.25250377655029,False,True,True,True,정배열 · 20일선 아래/50일선 위/200일선 위,38239200,20.0,28346780.0,28346780.0,1.348978614149473,3.0,2.0,14.0,48.040529547567736,48.040529547567736,20.0,0.1301520875591665,0.1301520875591665,False,False,,,,,,,,,,중립,"XLF의 QQQ 대비 상대수익률은 5일 -0.9%, 20일 -0.5%, 60일 +9.0%이며, 현재는 다른 명시적 조건을 충족하지 않아 중립으로 판정됐습니다.",2026-09-10T01:23:09+00:00
2026-09-08,QQQ,XLI,산업재,yfinance (Yahoo Finance),10.0,11.0,174.4199981689453,-0.0040541694402526,-0.0551463033476922,-0.001717747883971,0.0022322333335262,-0.0034819173812566,0.0028299999420606,-0.0062864027737788,-0.0516643859664355,-0.0045477478260317,0.2428030537970247,-0.0062724013104924,-0.0518449056445288,False,False,0.2504984160080147,179.7154998779297,181.0531997680664,170.3251222229004,False,False,True,False,정배열 아님 · 20일선 아래/50일선 아래/200일선 위,6225400,20.0,6457785.0,6457785.0,0.9640147511879074,1.0,4.0,14.0,37.12390910961251,37.12390910961251,20.0,0.1230426292794192,0.1230426292794192,False,False,,,,,,,,,,약세,"XLI는 QQQ 대비 20일 상대수익률이 -5.2%, 60일 상대수익률이 -0.5%이고, 현재 가격 174.42가 20일선(179.72)과 50일선(181.05) 아래라 약세로 판정됐습니다.",2026-09-10T01:23:09+00:00
2026-09-08,QQQ,XLV,헬스케어,yfinance (Yahoo Finance),5.0,11.0,167.1300048828125,-0.0199952418058267,-0.0077772354524243,0.0894093862792904,0.0022322333335262,-0.0034819173812566,0.0028299999420606,-0.022227475139353,-0.0042953180711676,0.0865793863372297,0.2326549477850158,-0.0221779687382658,-0.00431032627113,False,False,0.2387624436885877,171.24699783325195,165.86379943847658,154.6302624511719,False,True,True,True,정배열 · 20일선 아래/50일선 위/200일선 위,11066600,20.0,7586700.0,7586700.0,1.458684276431123,2.0,3.0,14.0,44.75194907995802,44.75194907995802,20.0,0.2047195904503062,0.2047195904503062,False,False,,,,,,,,,,중립,"XLV의 QQQ 대비 상대수익률은 5일 -2.2%, 20일 -0.4%, 60일 +8.7%이며, 현재는 다른 명시적 조건을 충족하지 않아 중립으로 판정됐습니다.",2026-09-10T01:23:09+00:00
2026-09-08,QQQ,XLY,경기소비재,yfinance (Yahoo Finance),9.0,11.0,113.98999786376952,-0.022300356426687,-0.0474638622218158,-0.0179093913448042,0.0022322333335262,-0.0034819173812566,0.0028299999420606,-0.0245325897602133,-0.0439819448405591,-0.0207393912868649,0.1586808844982969,-0.0244779492659256,-0.0441356214279415,False,False,0.1629703959193022,116.90399894714356,116.24099960327148,116.6843344116211,False,False,False,False,정배열 아님 · 20일선 아래/50일선 아래/200일선 아래,7821200,20.0,5175635.0,5175635.0,1.5111575681051697,2.0,3.0,14.0,41.961060919744654,41.961060919744654,20.0,0.1648406986831569,0.1648406986831569,False,False,,,,,,,,,,약세,"XLY는 QQQ 대비 20일 상대수익률이 -4.4%, 60일 상대수익률이 -2.1%이고, 현재 가격 113.99가 20일선(116.90)과 50일선(116.24) 아래라 약세로 판정됐습니다.",2026-09-10T01:23:09+00:00
2026-09-09,QQQ,CIBR,사이버보안,yfinance (Yahoo Finance),9.0,11.0,94.4800033569336,-0.0178793518281917,-0.0544435039201436,0.1081829558100735,0.0122519681344808,-0.0029786548988475,-0.0058818541690155,-0.0301313199626725,-0.0514648490212961,0.114064809979089,0.1318982056357592,-0.0297666202795365,-0.0516186030260714,False,False,0.1343980252983561,96.4125,94.15460006713867,77.48580387115479,False,True,True,True,정배열 · 20일선 아래/50일선 위/200일선 위,829300,20.0,1637955.0,1637955.0,0.5063020656855652,2.0,3.0,14.0,48.35166987274013,48.35166987274013,20.0,0.401809440323109,0.401809440323109,False,False,,,,,,,,,,약화,"CIBR는 최근 20거래일 안에 강한 주도 조건을 보였지만, 현재 RS 비율이 20일선 아래로 내려갔기 때문에 모멘텀 약화로 판정됐습니다.",2026-09-11T01:24:06+00:00
2026-09-09,QQQ,IGV,소프트웨어,yfinance (Yahoo Finance),7.0,11.0,101.83000183105467,-0.040968152774709,-0.0201115894410705,0.1229228400704325,0.0122519681344808,-0.0029786548988475,-0.0058818541690155,-0.0532201209091898,-0.0171329345422229,0.128804694239448,0.1421591240916961,-0.0525759618993593,-0.0171841201057583,False,False,0.1455293782844955,104.37900009155274,98.4633999633789,93.60374568939208,False,True,True,True,정배열 · 20일선 아래/50일선 위/200일선 위,8247500,20.0,11728360.0,11728360.0,0.7032099969646225,1.0,4.0,14.0,48.45028175742866,48.45028175742866,20.0,0.4046436214266871,0.4046436214266871,False,False,,,,,,,,,,약화,"IGV는 최근 20거래일 안에 강한 주도 조건을 보였지만, 현재 RS 비율이 20일선 아래로 내려갔고, 최근 5거래일 중 4일 QQQ를 언더퍼폼했기 때문에 모멘텀 약화로 판정됐습니다.",2026-09-11T01:24:06+00:00
2026-09-09,QQQ,IWM,중소형주,yfinance (Yahoo Finance),8.0,11.0,290.6400146484375,0.0002409310061399,-0.0343864444723832,-0.0055259626264486,0.0122519681344808,-0.0029786548988475,-0.0058818541690155,-0.0120110371283408,-0.0314077895735357,0.0003558915425668,0.4057461373414145,-0.0118656594469026,-0.0315016220343299,False,False,0.4155801422183868,298.082502746582,296.74420166015625,272.5885427093506,False,False,True,True,정배열 · 20일선 아래/50일선 아래/200일선 위,19141700,20.0,16983425.0,16983425.0,1.1270812571669142,2.0,3.0,14.0,39.92907375107455,39.92907375107455,20.0,0.1280882587548291,0.1280882587548291,False,False,,,,,,,,,,개선 중,"IWM는 QQQ 대비 20일 상대수익률이 아직 -3.1%이지만, 5일 상대수익률이 -1.2%로 중기 값보다 빠르게 개선돼 개선 중으로 판정됐습니다.",2026-09-11T01:24:06+00:00
2026-09-09,QQQ,SKYY,클라우드,yfinance (Yahoo Finance),6.0,11.0,158.13999938964844,-0.0160527738393417,-0.0183127259004618,0.1799730961666876,0.0122519681344808,-0.0029786548988475,-0.0058818541690155,-0.0283047419738226,-0.0153340710016143,0.1858549503357032,0.2207703367656999,-0.0279621505957519,-0.0153798823635602,False,False,0.225849799959011,162.0009994506836,149.5597998046875,129.89430004119873,False,True,True,True,정배열 · 20일선 아래/50일선 위/200일선 위,97900,20.0,246355.0,246355.0,0.3973940045868767,1.0,4.0,14.0,50.813076316520544,50.813076316520544,20.0,0.303061980525762,0.303061980525762,False,False,,,,,,,,,,약화,"SKYY는 최근 20거래일 안에 강한 주도 조건을 보였지만, 현재 RS 비율이 20일선 아래로 내려갔고, 최근 5거래일 중 4일 QQQ를 언더퍼폼했기 때문에 모멘텀 약화로 판정됐습니다.",2026-09-11T01:24:06+00:00
2026-09-09,QQQ,SMH,반도체,yfinance (Yahoo Finance),2.0,11.0,574.2899780273438,0.0533179430069841,0.0023737374006393,-0.0736661112437453,0.0122519681344808,-0.0029786548988475,-0.0058818541690155,0.0410659748725033,0.0053523922994869,-0.0677842570747297,0.8017338582243746,0.0405689256877268,0.0053683828593897,False,False,0.7885790988537684,565.7029968261719,572.0546002197266,479.65720916748046,True,True,True,False,정배열 아님 · 20일선 위/50일선 위/200일선 위,3458300,20.0,6825330.0,6825330.0,0.5066861236013497,4.0,1.0,14.0,53.714578789199535,53.714578789199535,20.0,0.3038256550482531,0.3038256550482531,True,False,,,,,,,,,,중립,"SMH의 QQQ 대비 상대수익률은 5일 +4.1%, 20일 +0.5%, 60일 -6.8%이며, 현재는 다른 명시적 조건을 충족하지 않아 중립으로 판정됐습니다.",2026-09-11T01:24:06+00:00
2026-09-09,QQQ,XLC,커뮤니케이션 서비스,yfinance (Yahoo Finance),3.0,11.0,110.83000183105467,-0.0004508966775045,-0.0039542987803184,-0.0047619873012301,0.0122519681344808,-0.0029786548988475,-0.0058818541690155,-0.0127028648119853,-0.0009756438814709,0.0011198668677854,0.1547235166461415,-0.0125491134735911,-0.0009785586700474,False,False,0.1558481552006426,111.77499961853027,110.75359954833984,113.6140323638916,False,True,False,False,정배열 아님 · 20일선 아래/50일선 위/200일선 아래,4817200,20.0,4128960.0,4128960.0,1.166686042005735,1.0,4.0,14.0,47.601377858688366,47.601377858688366,20.0,0.1693612621223887,0.1693612621223887,False,False,,,,,,,,,,중립,"XLC의 QQQ 대비 상대수익률은 5일 -1.3%, 20일 -0.1%, 60일 +0.1%이며, 현재는 다른 명시적 조건을 충족하지 않아 중립으로 판정됐습니다.",2026-09-11T01:24:06+00:00
2026-09-09,QQQ,XLE,에너지,yfinance (Yahoo Finance),1.0,11.0,65.30999755859375,0.0083372077121322,0.0718857251186637,0.143023401683241,0.0122519681344808,-0.0029786548988475,-0.0058818541690155,-0.0039147604223486,0.0748643800175112,0.1489052558522565,0.0911756052284492,-0.0038673774372238,0.0750880413798122,False,False,0.0882955803681717,63.31949977874756,59.656200103759765,54.581556491851806,True,True,True,True,정배열 · 20일선 위/50일선 위/200일선 위,25392400,20.0,25561670.0,25561670.0,0.9933779756956412,3.0,2.0,14.0,68.37809807261944,68.37809807261944,20.0,0.1518556146621349,0.1518556146621349,True,False,,,,,,,,,,중립,"XLE의 QQQ 대비 상대수익률은 5일 -0.4%, 20일 +7.5%, 60일 +14.9%이며, 현재는 다른 명시적 조건을 충족하지 않아 중립으로 판정됐습니다.",2026-09-11T01:24:06+00:00
2026-09-09,QQQ,XLF,금융,yfinance (Yahoo Finance),5.0,11.0,57.060001373291016,-0.002447541744425,-0.0128027313760767,0.0734885604233859,0.0122519681344808,-0.0029786548988475,-0.0058818541690155,-0.0146995098789058,-0.0098240764772292,0.0793704145924014,0.079658250712358,-0.0145215917989236,-0.0098534264341478,False,False,0.0805912692679078,57.801499938964845,56.999800033569336,53.28310750961304,False,True,True,True,정배열 · 20일선 아래/50일선 위/200일선 위,27523000,20.0,28733080.0,28733080.0,0.957885475556397,2.0,3.0,14.0,46.03805838378112,46.03805838378112,20.0,0.1308333618867165,0.1308333618867165,False,False,,,,,,,,,,중립,"XLF의 QQQ 대비 상대수익률은 5일 -1.5%, 20일 -1.0%, 60일 +7.9%이며, 현재는 다른 명시적 조건을 충족하지 않아 중립으로 판정됐습니다.",2026-09-11T01:24:06+00:00
2026-09-09,QQQ,XLI,산업재,yfinance (Yahoo Finance),11.0,11.0,171.7899932861328,-0.005442033605379,-0.0749057829332454,-0.0225187199459618,0.0122519681344808,-0.0029786548988475,-0.0058818541690155,-0.0176940017398599,-0.0719271280343979,-0.0166368657769463,0.239826323619168,-0.0174798393056908,-0.0721420141984028,False,False,0.2495660775301205,179.0199996948242,180.83379974365235,170.43882064819337,False,False,True,False,정배열 아님 · 20일선 아래/50일선 아래/200일선 위,6411800,20.0,6533690.0,6533690.0,0.981344385791184,1.0,4.0,14.0,32.16790764072377,32.16790764072377,20.0,0.1258016728244982,0.1258016728244982,False,False,,,,,,,,,,약세,"XLI는 QQQ 대비 20일 상대수익률이 -7.2%, 60일 상대수익률이 -1.7%이고, 현재 가격 171.79가 20일선(179.02)과 50일선(180.83) 아래라 약세로 판정됐습니다.",2026-09-11T01:24:06+00:00
2026-09-09,QQQ,XLV,헬스케어,yfinance (Yahoo Finance),4.0,11.0,166.5800018310547,-0.0296498886944789,-0.0085113548154009,0.0878010002360543,0.0122519681344808,-0.0029786548988475,-0.0058818541690155,-0.0419018568289597,-0.0055326999165534,0.0936828544050698,0.232552948302845,-0.0413946904012272,-0.0055492291551613,False,False,0.2386975591493689,171.17549819946288,165.98059936523438,154.71116371154784,False,True,True,True,정배열 · 20일선 아래/50일선 위/200일선 위,8018100,20.0,7653560.0,7653560.0,1.0476301224528193,1.0,4.0,14.0,43.59190009159156,43.59190009159156,20.0,0.2048434678811339,0.2048434678811339,False,False,,,,,,,,,,중립,"XLV의 QQQ 대비 상대수익률은 5일 -4.2%, 20일 -0.6%, 60일 +9.4%이며, 현재는 다른 명시적 조건을 충족하지 않아 중립으로 판정됐습니다.",2026-09-11T01:24:06+00:00
2026-09-09,QQQ,XLY,경기소비재,yfinance (Yahoo Finance),10.0,11.0,112.45999908447266,-0.0185879860501719,-0.056860104836994,-0.0335841058463336,0.0122519681344808,-0.0029786548988475,-0.0058818541690155,-0.0308399541846527,-0.0538814499381464,-0.0277022516773181,0.156999063907765,-0.0304666774236942,-0.0540424236681513,False,False,0.1625219291941818,116.56499900817872,116.1477995300293,116.6887042617798,False,False,False,False,정배열 아님 · 20일선 아래/50일선 아래/200일선 아래,7683800,20.0,5370395.0,5370395.0,1.4307699899169428,2.0,3.0,14.0,37.96068441866729,37.96068441866729,20.0,0.1694307274362655,0.1694307274362655,False,False,,,,,,,,,,약세,"XLY는 QQQ 대비 20일 상대수익률이 -5.4%, 60일 상대수익률이 -2.8%이고, 현재 가격 112.46가 20일선(116.56)과 50일선(116.15) 아래라 약세로 판정됐습니다.",2026-09-11T01:24:06+00:00
2026-09-10,QQQ,CIBR,사이버보안,yfinance (Yahoo Finance),10.0,11.0,94.16000366210938,0.0066282097553316,-0.0620579317204523,0.0923956789715862,-0.0007754607756776,-0.0207406515302518,-0.0464128925705354,0.0074036705310093,-0.0413172801902005,0.1388085715421217,0.1328648680491219,0.0074094162426761,-0.0421923775910494,False,False,0.1341053838247367,96.10100021362304,94.24080017089844,77.60101005554199,False,False,True,True,정배열 · 20일선 아래/50일선 아래/200일선 위,1282600,20.0,1647185.0,1647185.0,0.7786617775174008,3.0,2.0,14.0,47.67390142062161,47.67390142062161,20.0,0.400911834519137,0.400911834519137,False,False,,,,,,,,,,약화,"CIBR는 최근 20거래일 안에 강한 주도 조건을 보였지만, 현재 RS 비율이 20일선 아래로 내려갔기 때문에 모멘텀 약화로 판정됐습니다.",2026-09-12T01:27:20+00:00
2026-09-10,QQQ,IGV,소프트웨어,yfinance (Yahoo Finance),5.0,11.0,101.1999969482422,-0.0214658795204827,-0.0182383085896115,0.0919291822940424,-0.0007754607756776,-0.0207406515302518,-0.0464128925705354,-0.020690418744805,0.0025023429406403,0.1383420748645779,0.1427986800993559,-0.0207064758045941,0.002555342407045,False,False,0.1455475767573126,104.28499984741212,98.67539993286132,93.60584014892578,False,True,True,True,정배열 · 20일선 아래/50일선 위/200일선 위,7532500,20.0,11302935.0,11302935.0,0.6664198281242881,2.0,3.0,14.0,47.27311579148535,47.27311579148535,20.0,0.4042413691202908,0.4042413691202908,False,False,,,,,,,,,,약화,"IGV는 최근 20거래일 안에 강한 주도 조건을 보였지만, 현재 RS 비율이 20일선 아래로 내려갔기 때문에 모멘텀 약화로 판정됐습니다.",2026-09-12T01:27:20+00:00
2026-09-10,QQQ,IWM,중소형주,yfinance (Yahoo Finance),8.0,11.0,287.70001220703125,-0.0214618460222625,-0.049585344626044,-0.0235541749130273,-0.0007754607756776,-0.0207406515302518,-0.0464128925705354,-0.0206863852465848,-0.0288446930957921,0.0228587176575081,0.4059603087611187,-0.0207024391761267,-0.029455621884914,False,False,0.4149641058152718,297.3320037841797,296.48920166015625,272.89005264282224,False,False,True,True,정배열 · 20일선 아래/50일선 아래/200일선 위,27044700,20.0,17561630.0,17561630.0,1.5399880307237996,2.0,3.0,14.0,36.21248974653582,36.21248974653582,20.0,0.1282320721262254,0.1282320721262254,False,False,,,,,,,,,,개선 중,"IWM는 QQQ 대비 20일 상대수익률이 아직 -2.9%이지만, 5일 상대수익률이 -2.1%로 중기 값보다 빠르게 개선돼 개선 중으로 판정됐습니다.",2026-09-12T01:27:20+00:00
2026-09-10,QQQ,SKYY,클라우드,yfinance (Yahoo Finance),6.0,11.0,156.61000061035156,-0.0169480697358566,-0.0366018518553283,0.1453960762379256,-0.0007754607756776,-0.0207406515302518,-0.0464128925705354,-0.0161726089601789,-0.0158612003250765,0.1918089688084611,0.2209851981414115,-0.0161851599168424,-0.016197139552318,False,False,0.2256678870861584,161.7034996032715,150.00079986572266,130.0591000366211,False,True,True,True,정배열 · 20일선 아래/50일선 위/200일선 위,198600,20.0,243280.0,243280.0,0.8163433081223281,2.0,3.0,14.0,48.42529326662822,48.42529326662822,20.0,0.3022812354264508,0.3022812354264508,False,False,,,,,,,,,,약화,"SKYY는 최근 20거래일 안에 강한 주도 조건을 보였지만, 현재 RS 비율이 20일선 아래로 내려갔기 때문에 모멘텀 약화로 판정됐습니다.",2026-09-12T01:27:20+00:00
2026-09-10,QQQ,SMH,반도체,yfinance (Yahoo Finance),7.0,11.0,560.280029296875,0.0178027342970401,-0.0419779886045029,-0.1341677477432271,-0.0007754607756776,-0.0207406515302518,-0.0464128925705354,0.0185781950727178,-0.0212373370742511,-0.0877548551726916,0.7905854850029416,0.0185926129147504,-0.0216871425403678,False,False,0.7877028178168348,564.4754974365235,570.1424005126953,480.838151550293,False,False,True,False,정배열 아님 · 20일선 아래/50일선 아래/200일선 위,6621000,20.0,6785675.0,6785675.0,0.9757319647640064,3.0,2.0,14.0,48.126839596463256,48.126839596463256,20.0,0.3057461135596184,0.3057461135596184,False,False,,,,,,,,,,약세,"SMH는 QQQ 대비 20일 상대수익률이 -2.1%, 60일 상대수익률이 -8.8%이고, 현재 가격 560.28가 20일선(564.48)과 50일선(570.14) 아래라 약세로 판정됐습니다.",2026-09-12T01:27:20+00:00
2026-09-10,QQQ,XLC,커뮤니케이션 서비스,yfinance (Yahoo Finance),2.0,11.0,111.5,-0.0081835810703602,0.011154469886446,-0.0035647828580607,-0.0007754607756776,-0.0207406515302518,-0.0464128925705354,-0.0074081202946825,0.0318951214166979,0.0428481097124747,0.1573325426009783,-0.0074138694596446,0.0325706580861739,False,False,0.156096294367234,111.83649978637696,110.84099960327148,113.62661781311036,False,True,False,False,정배열 아님 · 20일선 아래/50일선 위/200일선 아래,4965600,20.0,4100530.0,4100530.0,1.2109654117882322,1.0,4.0,14.0,50.10130398908246,50.10130398908246,20.0,0.167344822272701,0.167344822272701,True,False,,,,,,,,,,중립,"XLC의 QQQ 대비 상대수익률은 5일 -0.7%, 20일 +3.2%, 60일 +4.3%이며, 현재는 다른 명시적 조건을 충족하지 않아 중립으로 판정됐습니다.",2026-09-12T01:27:20+00:00
2026-09-10,QQQ,XLE,에너지,yfinance (Yahoo Finance),1.0,11.0,64.93000030517578,-0.0026113390619032,0.063903024805596,0.1772863886309932,-0.0007754607756776,-0.0207406515302518,-0.0464128925705354,-0.0018358782862255,0.0846436763358479,0.2236992812015287,0.091619749229557,-0.0018373030426682,0.0864364240873649,False,False,0.0886600418002264,63.51449985504151,59.89260009765625,54.68893106460571,True,True,True,True,정배열 · 20일선 위/50일선 위/200일선 위,37212600,20.0,26293090.0,26293090.0,1.4152996091368493,3.0,2.0,14.0,65.23571933041701,65.23571933041701,20.0,0.1553483059523317,0.1553483059523317,True,False,,,,,,,,,,중립,"XLE의 QQQ 대비 상대수익률은 5일 -0.2%, 20일 +8.5%, 60일 +22.4%이며, 현재는 다른 명시적 조건을 충족하지 않아 중립으로 판정됐습니다.",2026-09-12T01:27:20+00:00
2026-09-10,QQQ,XLF,금융,yfinance (Yahoo Finance),4.0,11.0,56.869998931884766,-0.0137010218109253,-0.0181284404394805,0.0655192921433784,-0.0007754607756776,-0.0207406515302518,-0.0464128925705354,-0.0129255610352476,0.0026122110907712,0.1119321847139139,0.0802466504902991,-0.0129355920795154,0.0026675375576994,False,False,0.0806019438407868,57.748999977111815,57.065,53.31498445510864,False,False,True,True,정배열 · 20일선 아래/50일선 아래/200일선 위,25355100,20.0,29074250.0,29074250.0,0.8720809651151792,2.0,3.0,14.0,44.4580992110681,44.4580992110681,20.0,0.1307675261537589,0.1307675261537589,False,False,,,,,,,,,,중립,"XLF의 QQQ 대비 상대수익률은 5일 -1.3%, 20일 +0.3%, 60일 +11.2%이며, 현재는 다른 명시적 조건을 충족하지 않아 중립으로 판정됐습니다.",2026-09-12T01:27:20+00:00
2026-09-10,QQQ,XLI,산업재,yfinance (Yahoo Finance),11.0,11.0,170.5500030517578,-0.0129065617738982,-0.0824725706281288,-0.0431518695973164,-0.0007754607756776,-0.0207406515302518,-0.0464128925705354,-0.0121311009982205,-0.061731919097877,0.003261022973219,0.2406552970469746,-0.0121405154917809,-0.063039397269317,False,False,0.2487565042763841,178.25349960327148,180.5401998901367,170.55881065368652,False,False,False,False,정배열 아님 · 20일선 아래/50일선 아래/200일선 아래,7830400,20.0,6722610.0,6722610.0,1.1647857007918057,2.0,3.0,14.0,30.12587012273177,30.12587012273177,20.0,0.1249912533954832,0.1249912533954832,False,False,,,,,,,,,,개선 중,"XLI는 QQQ 대비 20일 상대수익률이 아직 -6.2%이지만, 5일 상대수익률이 -1.2%로 중기 값보다 빠르게 개선돼 개선 중으로 판정됐습니다.",2026-09-12T01:27:20+00:00
2026-09-10,QQQ,XLV,헬스케어,yfinance (Yahoo Finance),3.0,11.0,165.66000366210938,-0.0421508725918882,-0.016504385769431,0.0883027662033824,-0.0007754607756776,-0.0207406515302518,-0.0464128925705354,-0.0413754118162105,0.0042362657608208,0.1347156587739179,0.2337552429008704,-0.0414075217251264,0.0043259896037148,False,False,0.2387479025020786,171.03649826049804,166.12059936523437,154.791957321167,False,False,True,True,정배열 · 20일선 아래/50일선 아래/200일선 위,7932400,20.0,7693265.0,7693265.0,1.0310836816358204,1.0,4.0,14.0,41.64718247635941,41.64718247635941,20.0,0.2053301227643938,0.2053301227643938,False,False,,,,,,,,,,중립,"XLV의 QQQ 대비 상대수익률은 5일 -4.1%, 20일 +0.4%, 60일 +13.5%이며, 현재는 다른 명시적 조건을 충족하지 않아 중립으로 판정됐습니다.",2026-09-12T01:27:20+00:00
2026-09-10,QQQ,XLY,경기소비재,yfinance (Yahoo Finance),9.0,11.0,111.95999908447266,-0.0252481413065355,-0.0503011310194007,-0.0538660760913715,-0.0007754607756776,-0.0207406515302518,-0.0464128925705354,-0.0244726805308578,-0.0295604794891488,-0.007453183520836,0.1579816262382358,-0.0244916728624933,-0.0301865685891504,False,False,0.1622760611209109,116.26849899291992,116.0413995361328,116.69889919281006,False,False,False,False,정배열 아님 · 20일선 아래/50일선 아래/200일선 아래,5814100,20.0,5436755.0,5436755.0,1.069406291068845,2.0,3.0,14.0,36.728375118104935,36.728375118104935,20.0,0.1666154966938196,0.1666154966938196,False,False,,,,,,,,,,약세,"XLY는 QQQ 대비 20일 상대수익률이 -3.0%, 60일 상대수익률이 -0.7%이고, 현재 가격 111.96가 20일선(116.27)과 50일선(116.04) 아래라 약세로 판정됐습니다.",2026-09-12T01:27:20+00:00
2026-09-14,QQQ,CIBR,사이버보안,yfinance (Yahoo Finance),4.0,11.0,100.0500030517578,0.0577228768924271,0.0045181183185825,0.1888405359981846,-0.0136030224184662,-0.0299424329122144,-0.0173708915026281,0.0713258993108933,0.0344605512307969,0.2062114275008127,0.1410784343679279,0.0723095274336418,0.0355242332001501,True,True,0.1339696727654103,95.73350067138672,94.49420028686524,77.85704944610596,True,True,True,True,정배열 · 20일선 위/50일선 위/200일선 위,2859100,20.0,1655140.0,1655140.0,1.7274067450487571,3.0,2.0,14.0,59.69828038760791,59.69828038760791,20.0,0.4444919251396926,0.4444919251396926,True,False,,,,,,,,,,강한 주도,"CIBR는 QQQ 대비 20일 상대수익률이 +3.4%, 60일 상대수익률이 +20.6%이고, RS 비율이 20일 신고가이며 가격이 20일선과 50일선 위라 강한 주도로 판정됐습니다.",2026-09-16T01:34:59+00:00
2026-09-14,QQQ,IGV,소프트웨어,yfinance (Yahoo Finance),2.0,11.0,106.63999938964844,0.0197953495349074,0.0245964403685272,0.1960519853025488,-0.0136030224184662,-0.0299424329122144,-0.0173708915026281,0.0333983719533736,0.0545388732807416,0.213422876805177,0.1503708515341626,0.0338589560921613,0.056222305903425,False,False,0.1457894094539978,104.17499961853028,99.10039993286132,93.63108055114746,True,True,True,True,정배열 · 20일선 위/50일선 위/200일선 위,13170900,20.0,10510095.0,10510095.0,1.253166598398968,2.0,3.0,14.0,57.556737404228834,57.556737404228834,20.0,0.4222363049400667,0.4222363049400667,True,False,,,,,,,,,,주도 후보,"IGV의 QQQ 대비 20일 상대수익률이 전일 -2.1%에서 +5.5%로 양수 전환했고, RS 비율의 5일 변화율도 +3.4%로 상승해 주도 후보로 판정됐습니다.",2026-09-16T01:34:59+00:00
2026-09-14,QQQ,IWM,중소형주,yfinance (Yahoo Finance),9.0,11.0,287.9100036621094,-0.0273639601239467,-0.0563112290864962,-0.0067959196478539,-0.0136030224184662,-0.0299424329122144,-0.0173708915026281,-0.0137609377054804,-0.0263687961742817,0.0105749718547741,0.4059759252031443,-0.0139507095198322,-0.0271827127264659,False,False,0.4138735096713574,295.7425048828125,296.0872021484375,273.41431884765626,False,False,True,False,정배열 아님 · 20일선 아래/50일선 아래/200일선 위,26060900,20.0,18788205.0,18788205.0,1.3870883354743042,2.0,3.0,14.0,37.406110902866445,37.406110902866445,20.0,0.1259460994470443,0.1259460994470443,False,False,,,,,,,,,,개선 중,"IWM는 QQQ 대비 20일 상대수익률이 아직 -2.6%이지만, 5일 상대수익률이 -1.4%로 중기 값보다 빠르게 개선돼 개선 중으로 판정됐습니다.",2026-09-16T01:34:59+00:00
2026-09-14,QQQ,SKYY,클라우드,yfinance (Yahoo Finance),6.0,11.0,162.77000427246094,0.0074895192631352,-0.0155436804303396,0.2338539003313744,-0.0136030224184662,-0.0299424329122144,-0.0173708915026281,0.0210925416816014,0.0143987524818748,0.2512247918340026,0.2295186073401751,0.0213834208345982,0.0148431938169417,False,False,0.2253829483060036,161.0529998779297,151.00239990234374,130.40905006408693,True,True,True,True,정배열 · 20일선 위/50일선 위/200일선 위,554800,20.0,251620.0,251620.0,2.204912169143947,3.0,2.0,14.0,57.54080683732119,57.54080683732119,20.0,0.2783867024194502,0.2783867024194502,True,False,,,,,,,,,,주도 후보,"SKYY의 QQQ 대비 20일 상대수익률이 전일 -3.8%에서 +1.4%로 양수 전환했고, RS 비율의 5일 변화율도 +2.1%로 상승해 주도 후보로 판정됐습니다.",2026-09-16T01:34:59+00:00
2026-09-14,QQQ,SMH,반도체,yfinance (Yahoo Finance),10.0,11.0,541.5,-0.0449904046247254,-0.0787996440187012,-0.1321697751098391,-0.0136030224184662,-0.0299424329122144,-0.0173708915026281,-0.0313873822062592,-0.0488572111064867,-0.114798883607211,0.763557919840471,-0.0318202335566916,-0.0503652698191522,False,False,0.7852054265993238,561.1299987792969,568.0880010986328,483.0723695373535,False,False,True,False,정배열 아님 · 20일선 아래/50일선 아래/200일선 위,10627900,20.0,6961520.0,6961520.0,1.52666371711925,3.0,2.0,14.0,42.13616244796116,42.13616244796116,20.0,0.3501797601808319,0.3501797601808319,False,False,,,,,,,,,,약세,"SMH는 QQQ 대비 20일 상대수익률이 -4.9%, 60일 상대수익률이 -11.5%이고, 현재 가격 541.50가 20일선(561.13)과 50일선(568.09) 아래라 약세로 판정됐습니다.",2026-09-16T01:34:59+00:00
2026-09-14,QQQ,XLC,커뮤니케이션 서비스,yfinance (Yahoo Finance),3.0,11.0,115.06999969482422,0.0271355971494406,0.0187693918004574,0.0564959617672355,-0.0136030224184662,-0.0299424329122144,-0.0173708915026281,0.0407386195679069,0.0487118247126718,0.0738668532698637,0.1622578201348543,0.0413004302464414,0.0502153958335791,True,False,0.1566725481151379,111.94499969482422,111.00759963989258,113.65051162719726,True,True,True,False,정배열 아님 · 20일선 위/50일선 위/200일선 위,4352100,20.0,4091050.0,4091050.0,1.0638100243213844,3.0,2.0,14.0,61.26902641682081,61.26902641682081,20.0,0.1722772374408285,0.1722772374408285,True,False,,,,,,,,,,강한 주도,"XLC는 QQQ 대비 20일 상대수익률이 +4.9%, 60일 상대수익률이 +7.4%이고, RS 비율이 20일 신고가이며 가격이 20일선과 50일선 위라 강한 주도로 판정됐습니다.",2026-09-16T01:34:59+00:00
2026-09-14,QQQ,XLE,에너지,yfinance (Yahoo Finance),1.0,11.0,64.52999877929688,0.0073368910180371,0.0423194788942369,0.1888673371332798,-0.0136030224184662,-0.0299424329122144,-0.0173708915026281,0.0209399134365033,0.0722619118064513,0.206238228635908,0.0909924129921109,0.021228687751907,0.0744923953568952,False,False,0.0893611008962541,63.84949970245361,60.36540000915527,54.90060258865356,True,True,True,True,정배열 · 20일선 위/50일선 위/200일선 위,47236500,20.0,28008165.0,28008165.0,1.6865260540988671,3.0,2.0,14.0,61.07488918409395,61.07488918409395,20.0,0.1558740448842059,0.1558740448842059,True,False,,,,,,,,,,중립,"XLE의 QQQ 대비 상대수익률은 5일 +2.1%, 20일 +7.2%, 60일 +20.6%이며, 현재는 다른 명시적 조건을 충족하지 않아 중립으로 판정됐습니다.",2026-09-16T01:34:59+00:00
2026-09-14,QQQ,XLF,금융,yfinance (Yahoo Finance),7.0,11.0,57.02999877929688,-0.0184165184668777,-0.0194291793514423,0.0588302369013238,-0.0136030224184662,-0.0299424329122144,-0.0173708915026281,-0.0048134960484115,0.010513253560772,0.0762011284039519,0.0804168185344866,-0.0048798771263607,0.0108377625384994,False,False,0.0806700945270284,57.64200000762939,57.14260002136231,53.37481874465942,False,False,True,True,정배열 · 20일선 아래/50일선 아래/200일선 위,38162400,20.0,30151265.0,30151265.0,1.2656981390333042,2.0,3.0,14.0,46.29431894606881,46.29431894606881,20.0,0.1317579778765436,0.1317579778765436,False,False,,,,,,,,,,중립,"XLF의 QQQ 대비 상대수익률은 5일 -0.5%, 20일 +1.1%, 60일 +7.6%이며, 현재는 다른 명시적 조건을 충족하지 않아 중립으로 판정됐습니다.",2026-09-16T01:34:59+00:00
2026-09-14,QQQ,XLI,산업재,yfinance (Yahoo Finance),11.0,11.0,169.92999267578125,-0.0304673444771447,-0.0888960501816271,-0.0515140556755774,-0.0136030224184662,-0.0299424329122144,-0.0173708915026281,-0.0168643220586784,-0.0589536172694127,-0.0341431641729492,0.2396147584968162,-0.0170968914564465,-0.0607733182747057,False,False,0.2473477916343078,176.75349960327148,180.04079956054687,170.78511169433594,False,False,False,False,정배열 아님 · 20일선 아래/50일선 아래/200일선 아래,7359400,20.0,6942795.0,6942795.0,1.0600053724760703,2.0,3.0,14.0,32.25148509193855,32.25148509193855,20.0,0.1370379324463995,0.1370379324463995,False,False,,,,,,,,,,약세,"XLI는 QQQ 대비 20일 상대수익률이 -5.9%, 60일 상대수익률이 -3.4%이고, 현재 가격 169.93가 20일선(176.75)과 50일선(180.04) 아래라 약세로 판정됐습니다.",2026-09-16T01:34:59+00:00
2026-09-14,QQQ,XLV,헬스케어,yfinance (Yahoo Finance),5.0,11.0,167.75,-0.0215806183382969,0.0022704480725259,0.1179737311871325,-0.0136030224184662,-0.0299424329122144,-0.0173708915026281,-0.0079775959198307,0.0322128809847404,0.1353446226897606,0.2365407960355291,-0.0080876118856226,0.0332071848905286,False,False,0.2391933333017903,170.9044982910156,166.31719940185548,154.9277897644043,False,True,True,True,정배열 · 20일선 아래/50일선 위/200일선 위,9414400,20.0,7901380.0,7901380.0,1.1914880691727268,2.0,3.0,14.0,47.89956880814771,47.89956880814771,20.0,0.211271604103491,0.211271604103491,False,False,,,,,,,,,,중립,"XLV의 QQQ 대비 상대수익률은 5일 -0.8%, 20일 +3.2%, 60일 +13.5%이며, 현재는 다른 명시적 조건을 충족하지 않아 중립으로 판정됐습니다.",2026-09-16T01:34:59+00:00
2026-09-14,QQQ,XLY,경기소비재,yfinance (Yahoo Finance),8.0,11.0,112.8499984741211,-0.0179271179387103,-0.0452622556027964,-0.0209120020048452,-0.0136030224184662,-0.0299424329122144,-0.0173708915026281,-0.0043240955202441,-0.0153198226905819,-0.003541110502217,0.1591274424541093,-0.0043837274632027,-0.0157926943826373,False,False,0.1619589458297782,115.72649917602538,115.85339950561524,116.69968852996826,False,False,False,False,정배열 아님 · 20일선 아래/50일선 아래/200일선 아래,5276300,20.0,5509385.0,5509385.0,0.9576931000465568,3.0,2.0,14.0,40.54929442089901,40.54929442089901,20.0,0.1697365103309425,0.1697365103309425,False,False,,,,,,,,,,약세,"XLY는 QQQ 대비 20일 상대수익률이 -1.5%, 60일 상대수익률이 -0.4%이고, 현재 가격 112.85가 20일선(115.73)과 50일선(115.85) 아래라 약세로 판정됐습니다.",2026-09-16T01:34:59+00:00
2026-09-16,QQQ,CIBR,사이버보안,yfinance (Yahoo Finance),2.0,11.0,100.3000030517578,0.0616003332772649,0.0293514012591633,0.2010798874614741,-0.0161801830142971,-0.0178255897317416,-0.0450302065915321,0.0777805162915621,0.047176990990905,0.2461100940530062,0.1423260404436741,0.0790597169813791,0.0480332113092007,False,False,0.1347644847850919,96.03700065612792,94.81780029296876,78.1346070098877,True,True,True,True,정배열 · 20일선 위/50일선 위/200일선 위,2045600,20.0,1680675.0,1680675.0,1.217130022163714,3.0,2.0,14.0,59.43421153288263,59.43421153288263,20.0,0.4405492459009213,0.4405492459009213,True,False,,,,,,,,,,중립,"CIBR의 QQQ 대비 상대수익률은 5일 +7.8%, 20일 +4.7%, 60일 +24.6%이며, 현재는 다른 명시적 조건을 충족하지 않아 중립으로 판정됐습니다.",2026-09-18T01:25:08+00:00
2026-09-16,QQQ,IGV,소프트웨어,yfinance (Yahoo Finance),1.0,11.0,104.95999908447266,0.0307374761576741,0.029423303520379,0.2021532701800157,-0.0161801830142971,-0.0178255897317416,-0.0450302065915321,0.0469176591719713,0.0472488932521206,0.2471834767715478,0.1489385904301111,0.0476892804575954,0.0481064185323416,False,False,0.1466350547111425,104.50299987792968,99.53220001220704,93.65302375793458,True,True,True,True,정배열 · 20일선 위/50일선 위/200일선 위,7604700,20.0,10380655.0,10380655.0,0.7325838302110994,2.0,3.0,14.0,53.94773269200396,53.94773269200396,20.0,0.4177721437130227,0.4177721437130227,True,False,,,,,,,,,,중립,"IGV의 QQQ 대비 상대수익률은 5일 +4.7%, 20일 +4.7%, 60일 +24.7%이며, 현재는 다른 명시적 조건을 충족하지 않아 중립으로 판정됐습니다.",2026-09-18T01:25:08+00:00
2026-09-16,QQQ,IWM,중소형주,yfinance (Yahoo Finance),9.0,11.0,283.9200134277344,-0.0205699975460272,-0.0518551696797185,-0.0453365772869205,-0.0161801830142971,-0.0178255897317416,-0.0450302065915321,-0.0043898145317301,-0.0340295799479769,-0.0003063706953884,0.402883450492338,-0.0044620106811631,-0.03464718647952,False,False,0.4115328198897034,293.2893142700196,294.8263116455078,273.10999877929686,False,False,True,False,정배열 아님 · 20일선 아래/50일선 아래/200일선 위,27599400,20.0,19792675.0,19792675.0,1.3944249577179435,2.0,3.0,14.0,33.3158510717675,33.3158510717675,20.0,0.1218421433206558,0.1218421433206558,False,False,,,,,,,,,,약세,"IWM는 QQQ 대비 20일 상대수익률이 -3.4%, 60일 상대수익률이 -0.0%이고, 현재 가격 283.92가 20일선(293.29)과 50일선(294.83) 아래라 약세로 판정됐습니다.",2026-09-18T01:25:08+00:00
2026-09-16,QQQ,SKYY,클라우드,yfinance (Yahoo Finance),5.0,11.0,161.88999938964844,0.0237131656410356,0.0032224347040681,0.249729873245089,-0.0161801830142971,-0.0178255897317416,-0.0450302065915321,0.0398933486553327,0.0210480244358097,0.2947600798366211,0.2297224516400817,0.0405494461145952,0.0214300273105882,False,False,0.226032744944809,161.08549957275392,151.95619995117187,130.74890003204345,True,True,True,True,정배열 · 20일선 위/50일선 위/200일선 위,111600,20.0,217830.0,217830.0,0.5123261258779782,4.0,1.0,14.0,55.921492626938864,55.921492626938864,20.0,0.2696962788260107,0.2696962788260107,True,False,,,,,,,,,,중립,"SKYY의 QQQ 대비 상대수익률은 5일 +4.0%, 20일 +2.1%, 60일 +29.5%이며, 현재는 다른 명시적 조건을 충족하지 않아 중립으로 판정됐습니다.",2026-09-18T01:25:08+00:00
2026-09-16,QQQ,SMH,반도체,yfinance (Yahoo Finance),8.0,11.0,545.5599975585938,-0.0500269577530083,-0.0424908667405382,-0.184404449833618,-0.0161801830142971,-0.0178255897317416,-0.0450302065915321,-0.0338467747387112,-0.0246652770087966,-0.1393742432420859,0.7741514647502731,-0.0344034285082947,-0.025112929792235,False,False,0.7819839722964259,557.3214965820313,566.1264007568359,485.08278579711913,False,False,True,False,정배열 아님 · 20일선 아래/50일선 아래/200일선 위,5998800,20.0,6613900.0,6613900.0,0.906998896263929,3.0,2.0,14.0,43.86981081701137,43.86981081701137,20.0,0.3200184436682127,0.3200184436682127,False,False,,,,,,,,,,약세,"SMH는 QQQ 대비 20일 상대수익률이 -2.5%, 60일 상대수익률이 -13.9%이고, 현재 가격 545.56가 20일선(557.32)과 50일선(566.13) 아래라 약세로 판정됐습니다.",2026-09-18T01:25:08+00:00
2026-09-16,QQQ,XLC,커뮤니케이션 서비스,yfinance (Yahoo Finance),3.0,11.0,113.0,0.0195795193818835,0.022809527213037,0.0574583506885517,-0.0161801830142971,-0.0178255897317416,-0.0450302065915321,0.0357597023961806,0.0406351169447787,0.1024885572800838,0.1603473786719223,0.0363478167229276,0.0413726080825911,False,False,0.1574918210005778,112.23149948120115,111.12359970092774,113.65212795257568,True,True,False,False,정배열 아님 · 20일선 위/50일선 위/200일선 아래,4395900,20.0,4203755.0,4203755.0,1.045707944444907,3.0,2.0,14.0,53.353134289531326,53.353134289531326,20.0,0.1639902684391899,0.1639902684391899,True,False,,,,,,,,,,중립,"XLC의 QQQ 대비 상대수익률은 5일 +3.6%, 20일 +4.1%, 60일 +10.2%이며, 현재는 다른 명시적 조건을 충족하지 않아 중립으로 판정됐습니다.",2026-09-18T01:25:08+00:00
2026-09-16,QQQ,XLE,에너지,yfinance (Yahoo Finance),4.0,11.0,64.02999877929688,-0.0195988183608261,0.0054962071677731,0.1844246606129695,-0.0161801830142971,-0.0178255897317416,-0.0450302065915321,-0.0034186353465289,0.0233217968995147,0.2294548672045017,0.0908587828374039,-0.0034748592044051,0.0237450667169643,False,False,0.0898583459064383,64.03449954986573,60.80919998168945,55.11543598175049,False,True,True,True,정배열 · 20일선 아래/50일선 위/200일선 위,48608400,20.0,29625640.0,29625640.0,1.640754427583674,2.0,3.0,14.0,54.55805277282891,54.55805277282891,20.0,0.1925213235847724,0.1925213235847724,True,False,,,,,,,,,,중립,"XLE의 QQQ 대비 상대수익률은 5일 -0.3%, 20일 +2.3%, 60일 +22.9%이며, 현재는 다른 명시적 조건을 충족하지 않아 중립으로 판정됐습니다.",2026-09-18T01:25:08+00:00
2026-09-16,QQQ,XLF,금융,yfinance (Yahoo Finance),7.0,11.0,55.93000030517578,-0.0198037336298447,-0.0330221272886122,0.0415269927477419,-0.0161801830142971,-0.0178255897317416,-0.0450302065915321,-0.0036235506155476,-0.0151965375568705,0.086557199339274,0.0793648578588916,-0.0036831445687378,-0.0154723411626249,False,False,0.0806977407805094,57.50999984741211,57.15440002441406,53.417619171142576,False,False,True,True,정배열 · 20일선 아래/50일선 아래/200일선 위,53072800,20.0,30761680.0,30761680.0,1.7252893860153282,3.0,2.0,14.0,37.46048607742708,37.46048607742708,20.0,0.1374752550522534,0.1374752550522534,False,False,,,,,,,,,,개선 중,"XLF는 QQQ 대비 20일 상대수익률이 아직 -1.5%이지만, 5일 상대수익률이 -0.4%로 중기 값보다 빠르게 개선돼 개선 중으로 판정됐습니다.",2026-09-18T01:25:08+00:00
2026-09-16,QQQ,XLI,산업재,yfinance (Yahoo Finance),11.0,11.0,168.7100067138672,-0.017928789176536,-0.0809500463989525,-0.0720021788677525,-0.0161801830142971,-0.0178255897317416,-0.0450302065915321,-0.0017486061622389,-0.0631244566672109,-0.0269719722762203,0.2394000648875311,-0.0017773642409404,-0.064270109267019,False,False,0.2457447176907333,175.13699951171876,179.4331997680664,170.9624829864502,False,False,False,False,정배열 아님 · 20일선 아래/50일선 아래/200일선 아래,8909600,20.0,7332290.0,7332290.0,1.2151183327446131,3.0,2.0,14.0,30.33440370353669,30.33440370353669,20.0,0.131995336897365,0.131995336897365,False,False,,,,,,,,,,약세,"XLI는 QQQ 대비 20일 상대수익률이 -6.3%, 60일 상대수익률이 -2.7%이고, 현재 가격 168.71가 20일선(175.14)과 50일선(179.43) 아래라 약세로 판정됐습니다.",2026-09-18T01:25:08+00:00
2026-09-16,QQQ,XLV,헬스케어,yfinance (Yahoo Finance),6.0,11.0,167.77000427246094,0.0071437293091949,-0.0115477022589715,0.1180195055444539,-0.0161801830142971,-0.0178255897317416,-0.0450302065915321,0.023323912323492,0.0062778874727701,0.163049712135986,0.2380661982731532,0.023707504078291,0.0063918255323465,False,False,0.2397236592695966,170.8369987487793,166.4977993774414,155.03908630371097,False,True,True,True,정배열 · 20일선 아래/50일선 위/200일선 위,7160500,20.0,7893080.0,7893080.0,0.9071870549899406,4.0,1.0,14.0,47.9965148218296,47.9965148218296,20.0,0.2027958179162381,0.2027958179162381,False,False,,,,,,,,,,중립,"XLV의 QQQ 대비 상대수익률은 5일 +2.3%, 20일 +0.6%, 60일 +16.3%이며, 현재는 다른 명시적 조건을 충족하지 않아 중립으로 판정됐습니다.",2026-09-18T01:25:08+00:00
2026-09-16,QQQ,XLY,경기소비재,yfinance (Yahoo Finance),10.0,11.0,110.18000030517578,-0.0202738644661049,-0.0531110370639341,-0.0414129287900181,-0.0161801830142971,-0.0178255897317416,-0.0450302065915321,-0.0040936814518077,-0.0352854473321925,0.0036172778015139,0.1563457896549251,-0.0041610073116338,-0.0359258467368897,False,False,0.1615386020908072,115.1239990234375,115.56659942626952,116.64096691131591,False,False,False,False,정배열 아님 · 20일선 아래/50일선 아래/200일선 아래,8874600,20.0,5979075.0,5979075.0,1.4842764139938034,3.0,2.0,14.0,33.65485056458152,33.65485056458152,20.0,0.1752247085811239,0.1752247085811239,False,False,,,,,,,,,,개선 중,"XLY는 QQQ 대비 20일 상대수익률이 아직 -3.5%이지만, 5일 상대수익률이 -0.4%로 중기 값보다 빠르게 개선돼 개선 중으로 판정됐습니다.",2026-09-18T01:25:08+00:00
2026-09-18,QQQ,IGV,소프트웨어,yfinance (Yahoo Finance),1.0,11.0,104.3499984741211,0.0278762994940264,0.0239426427664717,0.2109783067365509,0.0091903638083929,0.0147975463683209,0.0152402369258661,0.0186859356856334,0.0091450963981507,0.1957380698106847,0.1446392635782176,0.018515769032037,0.0090117446882667,False,False,0.1468983706656649,104.77349967956545,100.00759994506836,93.66306888580324,False,True,True,True,정배열 · 20일선 아래/50일선 위/200일선 위,6989200,20.0,10345495.0,10345495.0,0.6755790805563194,1.0,4.0,14.0,52.21053283827936,52.21053283827936,20.0,0.4195936500324212,0.4195936500324212,False,True,2026-09-18,2026-09-19T07:06:19+09:00,104.35,105.78,104.35,3.91,0.0,정상 범위,상대 모멘텀 약화 · 주간 예상 범위 안,약화,"IGV는 최근 20거래일 안에 강한 주도 조건을 보였지만, 현재 RS 비율이 20일선 아래로 내려갔고, 최근 5거래일 중 4일 QQQ를 언더퍼폼했기 때문에 모멘텀 약화로 판정됐습니다.",2026-09-19T01:29:03+00:00
2026-09-18,QQQ,IWM,중소형주,yfinance (Yahoo Finance),7.0,11.0,284.1000061035156,-0.0140123234306912,-0.0430947094157643,-0.0399339439451693,0.0091903638083929,0.0147975463683209,0.0152402369258661,-0.0232026872390842,-0.0578922557840853,-0.0551741808710355,0.3937902852540097,-0.0229913880187321,-0.0570480841141818,False,False,0.4092357016491649,291.8743835449219,294.43328735351565,273.51066047668456,False,False,True,False,정배열 아님 · 20일선 아래/50일선 아래/200일선 위,31106300,20.0,20624250.0,20624250.0,1.508239087481969,1.0,4.0,14.0,35.12810481018438,35.12810481018438,20.0,0.1156437851662973,0.1156437851662973,False,False,,,,,,,,,,약세,"IWM는 QQQ 대비 20일 상대수익률이 -5.8%, 60일 상대수익률이 -5.5%이고, 현재 가격 284.10가 20일선(291.87)과 50일선(294.43) 아래라 약세로 판정됐습니다.",2026-09-19T01:29:03+00:00
2026-09-18,QQQ,SKYY,클라우드,yfinance (Yahoo Finance),3.0,11.0,162.02000427246094,0.0224017354982768,0.0163728784291592,0.2551905947795034,0.0091903638083929,0.0147975463683209,0.0152402369258661,0.0132113716898838,0.0015753320608382,0.2399503578536372,0.2245755097803876,0.0130910600850646,0.0015523609280254,False,False,0.2262615358048837,161.37699966430665,152.87039978027343,131.094700050354,True,True,True,True,정배열 · 20일선 위/50일선 위/200일선 위,182600,20.0,219465.0,219465.0,0.8320233294602783,2.0,3.0,14.0,54.940010968853926,54.940010968853926,20.0,0.2771907124594028,0.2771907124594028,False,False,,,,,,,,,,약화,"SKYY는 최근 20거래일 안에 강한 주도 조건을 보였지만, 현재 RS 비율이 20일선 아래로 내려갔기 때문에 모멘텀 약화로 판정됐습니다.",2026-09-19T01:29:03+00:00
2026-09-18,QQQ,SMH,반도체,yfinance (Yahoo Finance),2.0,11.0,573.0,0.0078623299962767,0.0183950504520387,-0.0741937313031013,0.0091903638083929,0.0147975463683209,0.0152402369258661,-0.0013280338121162,0.0035975040837177,-0.0894339682289675,0.7942338212000318,-0.0013159398461796,0.0035450460996799,False,False,0.7820567465467562,557.8234954833985,564.7840008544922,487.23557373046873,True,True,True,False,정배열 아님 · 20일선 위/50일선 위/200일선 위,6269900,20.0,6487910.0,6487910.0,0.9663974993487888,4.0,1.0,14.0,54.294821172432286,54.294821172432286,20.0,0.3411014850521793,0.3411014850521793,True,False,,,,,,,,,,중립,"SMH의 QQQ 대비 상대수익률은 5일 -0.1%, 20일 +0.4%, 60일 -8.9%이며, 현재는 다른 명시적 조건을 충족하지 않아 중립으로 판정됐습니다.",2026-09-19T01:29:03+00:00
2026-09-18,QQQ,XLE,에너지,yfinance (Yahoo Finance),4.0,11.0,64.30999755859375,-0.0127418151493963,0.0087842754289215,0.2004853075406532,0.0091903638083929,0.0147975463683209,0.0152402369258661,-0.0219321789577893,-0.0060132709393994,0.185245070614787,0.089139921644549,-0.0217324498373364,-0.0059255867940548,False,False,0.0898893453815347,64.10749950408936,61.176600036621096,55.31493204116821,True,True,True,True,정배열 · 20일선 위/50일선 위/200일선 위,29418800,20.0,30381200.0,30381200.0,0.9683225152396876,1.0,4.0,14.0,55.60856377374352,55.60856377374352,20.0,0.1940285012488691,0.1940285012488691,False,True,2026-09-18,2026-09-19T07:06:19+09:00,64.31,64.48,64.31,3.48,0.0,정상 범위,상대 모멘텀 약화 · 주간 예상 범위 안,약화,"XLE는 최근 20거래일 안에 강한 주도 조건을 보였지만, 현재 RS 비율이 20일선 아래로 내려갔고, 최근 5거래일 중 4일 QQQ를 언더퍼폼했기 때문에 모멘텀 약화로 판정됐습니다.",2026-09-19T01:29:03+00:00
2026-09-18,QQQ,XLF,금융,yfinance (Yahoo Finance),5.0,11.0,55.86000061035156,-0.02427946532137,-0.0191395985598864,0.0398361753726785,0.0091903638083929,0.0147975463683209,0.0152402369258661,-0.033469829129763,-0.0339371449282074,0.0245959384468124,0.0774274026823658,-0.0331650304343547,-0.0334422812211746,False,False,0.0804475031197304,57.37549991607666,57.17900001525879,53.45161346435547,False,False,True,True,정배열 · 20일선 아래/50일선 아래/200일선 위,35972100,20.0,30702225.0,30702225.0,1.1716447260744132,2.0,3.0,14.0,36.96068392838385,36.96068392838385,20.0,0.1332475505904657,0.1332475505904657,False,True,2026-09-18,2026-09-19T07:06:19+09:00,55.86,55.88,55.86,1.86,0.0,정상 범위,상대강도 개선 · 주간 기준가 위,개선 중,"XLF는 QQQ 대비 20일 상대수익률이 아직 -3.4%이지만, 5일 상대수익률이 -3.3%로 중기 값보다 빠르게 개선돼 개선 중으로 판정됐습니다.",2026-09-19T01:29:03+00:00
2026-09-18,QQQ,XLI,산업재,yfinance (Yahoo Finance),9.0,11.0,169.75,-0.0151998328676998,-0.0557379097420197,-0.0580434289116659,0.0091903638083929,0.0147975463683209,0.0152402369258661,-0.0243901966760928,-0.0705354561103407,-0.0732836658375321,0.2352900369087354,-0.0241680831989429,-0.0695069241769134,False,False,0.2439485639253686,173.9889991760254,178.9777996826172,171.14382202148437,False,False,False,False,정배열 아님 · 20일선 아래/50일선 아래/200일선 아래,8562500,20.0,7312480.0,7312480.0,1.1709433735203378,1.0,4.0,14.0,34.3669976481313,34.3669976481313,20.0,0.1314871873515157,0.1314871873515157,False,True,2026-09-18,2026-09-19T07:06:19+09:00,169.75,169.01,169.75,2.37,0.0,정상 범위,중기 약세 · 단기 위치는 예상 범위 안,약세,"XLI는 QQQ 대비 20일 상대수익률이 -7.1%, 60일 상대수익률이 -7.3%이고, 현재 가격 169.75가 20일선(173.99)과 50일선(178.98) 아래라 약세로 판정됐습니다.",2026-09-19T01:29:03+00:00
2026-09-18,QQQ,XLV,헬스케어,yfinance (Yahoo Finance),6.0,11.0,168.38999938964844,0.0183236500248731,-0.0232032021240333,0.0980762483698918,0.0091903638083929,0.0147975463683209,0.0152402369258661,0.0091332862164801,-0.0380007484923543,0.0828360114440256,0.2334049435726204,0.009050112391099,-0.037446630244967,False,False,0.2387761418172306,170.29349899291992,166.7523992919922,155.180213470459,False,True,True,True,정배열 · 20일선 아래/50일선 위/200일선 위,11436300,20.0,7445890.0,7445890.0,1.535921159189835,3.0,2.0,14.0,49.79054886078452,49.79054886078452,20.0,0.1431546231846462,0.1431546231846462,False,True,2026-09-18,2026-09-19T07:06:19+09:00,168.39,168.81,168.39,1.91,0.0,정상 범위,상대강도 개선 · 주간 기준가 위,개선 중,"XLV는 QQQ 대비 20일 상대수익률이 아직 -3.8%이지만, 5일 상대수익률이 +0.9%로 중기 값보다 빠르게 개선돼 개선 중으로 판정됐습니다.",2026-09-19T01:29:03+00:00
2026-09-18,QQQ,XLY,경기소비재,yfinance (Yahoo Finance),8.0,11.0,111.02999877929688,-0.0170856968910959,-0.0484230503179753,-0.0351090720973475,0.0091903638083929,0.0147975463683209,0.0152402369258661,-0.0262760606994889,-0.0632205966862963,-0.0503493090232137,0.1538983947614586,-0.0260367732806431,-0.0622987283646333,False,False,0.1605155196504824,114.48149909973144,115.37199935913084,116.57746479034424,False,False,False,False,정배열 아님 · 20일선 아래/50일선 아래/200일선 아래,5418200,20.0,5841315.0,5841315.0,0.9275651116229822,1.0,4.0,14.0,38.01731411674119,38.01731411674119,20.0,0.1563565195807627,0.1563565195807627,False,True,2026-09-18,2026-09-19T07:06:19+09:00,111.03,111.39,111.03,2.69,0.0,정상 범위,중기 약세 · 단기 위치는 예상 범위 안,약세,"XLY는 QQQ 대비 20일 상대수익률이 -6.3%, 60일 상대수익률이 -5.0%이고, 현재 가격 111.03가 20일선(114.48)과 50일선(115.37) 아래라 약세로 판정됐습니다.",2026-09-19T01:29:03+00:00
2026-09-21,QQQ,CIBR,사이버보안,yfinance (Yahoo Finance),1.0,11.0,103.08999633789062,0.0303847395642773,0.0868739904726274,0.2322494839261084,0.0466209073576453,0.0403713883403669,0.0361018109072002,-0.016236167793368,0.0465026021322605,0.1961476730189082,0.1390346209707345,-0.0155129404345253,0.0446980786413619,False,False,0.1359712569670657,97.0760009765625,95.35420028686524,78.565064163208,True,True,True,True,정배열 · 20일선 위/50일선 위/200일선 위,2093900,20.0,1680325.0,1680325.0,1.2461279811941142,2.0,3.0,14.0,62.614795093561625,62.614795093561625,20.0,0.4421141809655224,0.4421141809655224,True,False,,,,,,,,,,중립,"CIBR의 QQQ 대비 상대수익률은 5일 -1.6%, 20일 +4.7%, 60일 +19.6%이며, 현재는 다른 명시적 조건을 충족하지 않아 중립으로 판정됐습니다.",2026-09-23T01:43:01+00:00
2026-09-21,QQQ,IGV,소프트웨어,yfinance (Yahoo Finance),4.0,11.0,107.12999725341795,0.0045948787188112,0.0363741356963469,0.2639215969017241,0.0466209073576453,0.0403713883403669,0.0361018109072002,-0.042026028638834,-0.0039972526440199,0.2278197859945239,0.1444832582388039,-0.0401540121579793,-0.003842140113442,False,False,0.1470235777312905,104.96149940490724,100.30199981689454,93.67271747589112,True,True,True,True,정배열 · 20일선 위/50일선 위/200일선 위,8777900,20.0,10307415.0,10307415.0,0.8516102242899893,0.0,5.0,14.0,57.46740636807287,57.46740636807287,20.0,0.4267987633361919,0.4267987633361919,False,False,,,,,,,,,,약화,"IGV는 최근 20거래일 안에 강한 주도 조건을 보였지만, 현재 RS 비율이 20일선 아래로 내려갔고, 최근 5거래일 중 5일 QQQ를 언더퍼폼했기 때문에 모멘텀 약화로 판정됐습니다.",2026-09-23T01:43:01+00:00
2026-09-21,QQQ,IWM,중소형주,yfinance (Yahoo Finance),9.0,11.0,285.5799865722656,-0.0055022185182268,-0.0454532240320662,-0.0421001051471322,0.0466209073576453,0.0403713883403669,0.0361018109072002,-0.0521231258758722,-0.0858246123724331,-0.0782019160543324,0.3851538131766204,-0.0498013421186713,-0.0824942067172216,False,False,0.4079306460137684,291.1944519042969,294.2405084228516,273.72503883361816,False,False,True,False,정배열 아님 · 20일선 아래/50일선 아래/200일선 위,18968200,20.0,20425180.0,20425180.0,0.9286674584997536,0.0,5.0,14.0,38.72609847523435,38.72609847523435,20.0,0.1131418604690477,0.1131418604690477,False,False,,,,,,,,,,약세,"IWM는 QQQ 대비 20일 상대수익률이 -8.6%, 60일 상대수익률이 -7.8%이고, 현재 가격 285.58가 20일선(291.19)과 50일선(294.24) 아래라 약세로 판정됐습니다.",2026-09-23T01:43:01+00:00
2026-09-21,QQQ,SKYY,클라우드,yfinance (Yahoo Finance),3.0,11.0,168.2100067138672,0.0334214062702868,0.0432922605674663,0.3295132087966703,0.0466209073576453,0.0403713883403669,0.0361018109072002,-0.0131995010873584,0.0029208722270994,0.2934113978894701,0.2268601741947231,-0.0126115396649992,0.0028075284074844,False,False,0.2265290604643134,161.72600021362305,153.43919982910157,131.27965007781984,True,True,True,True,정배열 · 20일선 위/50일선 위/200일선 위,254600,20.0,227490.0,227490.0,1.1191700734098202,2.0,3.0,14.0,62.961896139535135,62.961896139535135,20.0,0.3054670567860899,0.3054670567860899,True,False,,,,,,,,,,중립,"SKYY의 QQQ 대비 상대수익률은 5일 -1.3%, 20일 +0.3%, 60일 +29.3%이며, 현재는 다른 명시적 조건을 충족하지 않아 중립으로 판정됐습니다.",2026-09-23T01:43:01+00:00
2026-09-21,QQQ,SMH,반도체,yfinance (Yahoo Finance),2.0,11.0,596.030029296875,0.1007018084891504,0.0635417142012004,-0.0641407726302445,0.0466209073576453,0.0403713883403669,0.0361018109072002,0.0540809011315051,0.0231703258608335,-0.1002425835374447,0.8038491818241386,0.0516719098112044,0.022271206340839,True,False,0.7837472945748234,559.6039978027344,564.4840008544921,488.4241485595703,True,True,True,False,정배열 아님 · 20일선 위/50일선 위/200일선 위,9886000,20.0,6502575.0,6502575.0,1.5203207959923568,5.0,0.0,14.0,61.09255352767494,61.09255352767494,20.0,0.3673513770134606,0.3673513770134606,True,False,,,,,,,,,,중립,"SMH의 QQQ 대비 상대수익률은 5일 +5.4%, 20일 +2.3%, 60일 -10.0%이며, 현재는 다른 명시적 조건을 충족하지 않아 중립으로 판정됐습니다.",2026-09-23T01:43:01+00:00
2026-09-21,QQQ,XLC,커뮤니케이션 서비스,yfinance (Yahoo Finance),5.0,11.0,114.75,0.00050569051501,0.0334666899738453,0.0904355743075733,0.0466209073576453,0.0403713883403669,0.0361018109072002,-0.0461152168426353,-0.0069046983665215,0.0543337634003731,0.15476014475837,-0.0440610506807668,-0.0066367630289564,False,False,0.1570446663455576,112.10643272399902,110.8916911315918,113.25845092773436,True,True,True,False,정배열 아님 · 20일선 위/50일선 위/200일선 위,8394100,20.0,4591975.0,4591975.0,1.8279934015320205,1.0,4.0,14.0,58.45226646850952,58.45226646850952,20.0,0.2185581910878475,0.2185581910878475,False,False,,,,,,,,,,약화,"XLC는 최근 20거래일 안에 강한 주도 조건을 보였지만, 현재 RS 비율이 20일선 아래로 내려갔고, 최근 5거래일 중 4일 QQQ를 언더퍼폼했기 때문에 모멘텀 약화로 판정됐습니다.",2026-09-23T01:43:01+00:00
2026-09-21,QQQ,XLE,에너지,yfinance (Yahoo Finance),6.0,11.0,62.459999084472656,-0.0263247407439827,-0.0127080081380744,0.1616059327517043,0.0466209073576453,0.0403713883403669,0.0361018109072002,-0.072945648101628,-0.0530793964784414,0.1255041218445041,0.084238069716084,-0.0696963414248916,-0.051019661895081,False,False,0.0892248682212678,63.68849697113037,60.96922256469727,55.08127840042114,False,True,True,True,정배열 · 20일선 아래/50일선 위/200일선 위,36482200,20.0,30815715.0,30815715.0,1.183882963611261,1.0,4.0,14.0,47.43823764025116,47.43823764025116,20.0,0.211203748625771,0.211203748625771,False,False,,,,,,,,,,약화,"XLE는 최근 20거래일 안에 강한 주도 조건을 보였지만, 현재 RS 비율이 20일선 아래로 내려갔고, 최근 5거래일 중 4일 QQQ를 언더퍼폼했기 때문에 모멘텀 약화로 판정됐습니다.",2026-09-23T01:43:01+00:00
2026-09-21,QQQ,XLF,금융,yfinance (Yahoo Finance),7.0,11.0,55.900001525878906,-0.0163450568517296,-0.0240459191961156,0.0495386752586379,0.0466209073576453,0.0403713883403669,0.0361018109072002,-0.0629659642093749,-0.0644173075364825,0.0134368643514377,0.0753907828160185,-0.0601611947236391,-0.0619176077489436,False,False,0.079998515728082,57.10429039001465,56.98507720947266,53.2825078201294,False,False,True,True,정배열 · 20일선 아래/50일선 아래/200일선 위,30640800,20.0,30872900.0,30872900.0,0.9924820797527928,1.0,4.0,14.0,40.04505413334037,40.04505413334037,20.0,0.1292472978659273,0.1292472978659273,False,False,,,,,,,,,,개선 중,"XLF는 QQQ 대비 20일 상대수익률이 아직 -6.4%이지만, 5일 상대수익률이 -6.3%로 중기 값보다 빠르게 개선돼 개선 중으로 판정됐습니다.",2026-09-23T01:43:01+00:00
2026-09-21,QQQ,XLI,산업재,yfinance (Yahoo Finance),11.0,11.0,169.97999572753906,0.0029827092359995,-0.0544419877056676,-0.074316538482792,0.0466209073576453,0.0403713883403669,0.0361018109072002,-0.0436381981216458,-0.0948133760460345,-0.1104183493899922,0.2292473093230593,-0.0416943688157512,-0.0911341633464987,False,False,0.242398838251535,173.03329315185547,178.26901580810548,170.77981704711914,False,False,False,False,정배열 아님 · 20일선 아래/50일선 아래/200일선 아래,8548900,20.0,7466380.0,7466380.0,1.1449859235667084,1.0,4.0,14.0,37.01462159772275,37.01462159772275,20.0,0.1323387973904559,0.1323387973904559,False,False,,,,,,,,,,약세,"XLI는 QQQ 대비 20일 상대수익률이 -9.5%, 60일 상대수익률이 -11.0%이고, 현재 가격 169.98가 20일선(173.03)과 50일선(178.27) 아래라 약세로 판정됐습니다.",2026-09-23T01:43:01+00:00
2026-09-21,QQQ,XLV,헬스케어,yfinance (Yahoo Finance),8.0,11.0,169.00999450683594,0.0113670417969731,-0.0284227578549483,0.090129287173581,0.0466209073576453,0.0403713883403669,0.0361018109072002,-0.0352538655606722,-0.0687941461953152,0.0540274762663808,0.2279390955598191,-0.0336835097721066,-0.0661246041233966,False,False,0.2373066744320807,169.3970329284668,166.29231170654296,154.6745162963867,False,True,True,True,정배열 · 20일선 아래/50일선 위/200일선 위,7617100,20.0,7318400.0,7318400.0,1.040814932225623,2.0,3.0,14.0,53.57069880713501,53.57069880713501,20.0,0.1372670517070326,0.1372670517070326,False,False,,,,,,,,,,개선 중,"XLV는 QQQ 대비 20일 상대수익률이 아직 -6.9%이지만, 5일 상대수익률이 -3.5%로 중기 값보다 빠르게 개선돼 개선 중으로 판정됐습니다.",2026-09-23T01:43:01+00:00
2026-09-21,QQQ,XLY,경기소비재,yfinance (Yahoo Finance),10.0,11.0,112.2300033569336,-0.0033036182947467,-0.0469650320872099,-0.0077001632650472,0.0466209073576453,0.0403713883403669,0.0361018109072002,-0.0499245256523921,-0.0873364204275768,-0.0438019741722475,0.1513614951263738,-0.0477006768175826,-0.0839473493853947,False,False,0.1596361181885361,113.95338020324706,115.02340850830078,116.2961357498169,False,False,False,False,정배열 아님 · 20일선 아래/50일선 아래/200일선 아래,4977200,20.0,5762105.0,5762105.0,0.8637815520543274,0.0,5.0,14.0,44.10480400778471,44.10480400778471,20.0,0.1582711867800712,0.1582711867800712,False,False,,,,,,,,,,약세,"XLY는 QQQ 대비 20일 상대수익률이 -8.7%, 60일 상대수익률이 -4.4%이고, 현재 가격 112.23가 20일선(113.95)과 50일선(115.02) 아래라 약세로 판정됐습니다.",2026-09-23T01:43:01+00:00
2026-09-23,QQQ,CIBR,사이버보안,yfinance (Yahoo Finance),1.0,11.0,104.01000213623048,0.0298020013488164,0.1156279994759343,0.2184864268102784,0.0531444909262002,0.0504903808300494,0.0501929550333699,-0.0233424895773837,0.0651376186458849,0.1682934717769084,0.1403246030853957,-0.0221645650511403,0.062006868253678,False,False,0.1363809101169824,97.61500091552736,95.59760040283204,78.71589340209961,True,True,True,True,정배열 · 20일선 위/50일선 위/200일선 위,2403300,20.0,1733950.0,1733950.0,1.3860261253207993,2.0,3.0,14.0,64.04185577565073,64.04185577565073,20.0,0.4348286160980247,0.4348286160980247,True,True,2026-09-23,2026-09-24T05:42:38+09:00,104.01,102.575,99.87,4.21,0.984652970476822,정상 범위,상대강도 중립 · 주간 예상 범위 안,중립,"CIBR의 QQQ 대비 상대수익률은 5일 -2.3%, 20일 +6.5%, 60일 +16.8%이며, 현재는 다른 명시적 조건을 충족하지 않아 중립으로 판정됐습니다.",2026-09-24T01:37:02+00:00
2026-09-23,QQQ,IGV,소프트웨어,yfinance (Yahoo Finance),3.0,11.0,108.0999984741211,0.0299161529824456,0.0613647530057455,0.2025809234410751,0.0528755006995336,0.043986944989024,0.0247242885777021,-0.0229593477170879,0.0173778080167215,0.177856634863373,0.1458426023253487,-0.0218063272455609,0.0166456181278247,False,False,0.1470238871673869,105.48899955749512,100.87239990234374,93.67401863098144,True,True,True,True,정배열 · 20일선 위/50일선 위/200일선 위,6868500,20.0,10321945.0,10321945.0,0.6654269132416419,1.0,4.0,14.0,59.048291420126034,59.048291420126034,20.0,0.4256980472166716,0.4256980472166716,False,True,2026-09-23,2026-09-24T05:42:38+09:00,108.1,106.75,104.35,3.91,0.9190984991734242,정상 범위,상대 모멘텀 약화 · 주간 예상 범위 안,약화,"IGV는 최근 20거래일 안에 강한 주도 조건을 보였지만, 현재 RS 비율이 20일선 아래로 내려갔고, 최근 5거래일 중 4일 QQQ를 언더퍼폼했기 때문에 모멘텀 약화로 판정됐습니다.",2026-09-24T01:37:02+00:00
2026-09-23,QQQ,IWM,중소형주,yfinance (Yahoo Finance),9.0,11.0,281.9200134277344,-0.0070442374803179,-0.0553877975100686,-0.0545662635300383,0.0528755006995336,0.043986944989024,0.0247242885777021,-0.0599197381798515,-0.0993747424990926,-0.0792905521077405,0.38035105445206,-0.0569105636326807,-0.0951877252642632,False,False,0.4040822619267521,289.86873626708984,293.8939416503906,274.088657913208,False,False,True,False,정배열 아님 · 20일선 아래/50일선 아래/200일선 위,24301800,20.0,21550140.0,21550140.0,1.127686409461841,0.0,5.0,14.0,34.96525057396575,34.96525057396575,20.0,0.1273293059354716,0.1273293059354716,False,False,,,,,,,,,,약세,"IWM는 QQQ 대비 20일 상대수익률이 -9.9%, 60일 상대수익률이 -7.9%이고, 현재 가격 281.92가 20일선(289.87)과 50일선(293.89) 아래라 약세로 판정됐습니다.",2026-09-24T01:37:02+00:00
2026-09-23,QQQ,SKYY,클라우드,yfinance (Yahoo Finance),4.0,11.0,167.5399932861328,0.0318408469816973,0.0539094923546719,0.2930461049284578,0.0531444909262002,0.0504903808300494,0.0501929550333699,-0.0213036439445029,0.0034191115246224,0.2428531498950878,0.2260357905580417,-0.0202286050281355,0.0032547766138715,False,False,0.2265657259266743,162.15449981689454,153.99019958496095,131.46240001678467,True,True,True,True,정배열 · 20일선 위/50일선 위/200일선 위,301500,20.0,236010.0,236010.0,1.277488242023643,1.0,4.0,14.0,61.68186589396029,61.68186589396029,20.0,0.3003945655629205,0.3003945655629205,False,False,,,,,,,,,,약화,"SKYY는 최근 20거래일 안에 강한 주도 조건을 보였지만, 현재 RS 비율이 20일선 아래로 내려갔고, 최근 5거래일 중 4일 QQQ를 언더퍼폼했기 때문에 모멘텀 약화로 판정됐습니다.",2026-09-24T01:37:02+00:00
2026-09-23,QQQ,SMH,반도체,yfinance (Yahoo Finance),2.0,11.0,601.4099731445312,0.1023718304785334,0.0820228944974252,-0.0483717970014564,0.0528755006995336,0.043986944989024,0.0247242885777021,0.0494963297789998,0.0380359495084012,-0.0730960855791585,0.8113894244763972,0.0470106197229533,0.0364333574198103,False,False,0.7870603681981211,564.9164978027344,564.9428009033203,490.8499081420898,True,True,True,False,정배열 아님 · 20일선 위/50일선 위/200일선 위,6090600,20.0,6449550.0,6449550.0,0.9443449542991372,4.0,1.0,14.0,61.38110382643957,61.38110382643957,20.0,0.3577657257858509,0.3577657257858509,True,False,,,,,,,,,,중립,"SMH의 QQQ 대비 상대수익률은 5일 +4.9%, 20일 +3.8%, 60일 -7.3%이며, 현재는 다른 명시적 조건을 충족하지 않아 중립으로 판정됐습니다.",2026-09-24T01:37:02+00:00
2026-09-23,QQQ,XLC,커뮤니케이션 서비스,yfinance (Yahoo Finance),6.0,11.0,112.55999755859376,-0.0096380872365072,0.0054395478806017,0.0635803980360318,0.0531444909262002,0.0504903808300494,0.0501929550333699,-0.0627825781627074,-0.0450508329494476,0.0133874430026619,0.1518597890231254,-0.059614401161129,-0.0428855263899232,False,False,0.1567044464884095,112.1368808746338,110.91842239379883,113.2526417541504,True,True,False,False,정배열 아님 · 20일선 위/50일선 위/200일선 아래,5629800,20.0,4666790.0,4666790.0,1.206353832077295,1.0,4.0,14.0,51.879285232830135,51.879285232830135,20.0,0.2290363430654486,0.2290363430654486,False,True,2026-09-23,2026-09-24T05:42:38+09:00,112.56,113.53,110.81,2.06,0.7666407031015217,정상 범위,상대 모멘텀 약화 · 주간 예상 범위 안,약화,"XLC는 최근 20거래일 안에 강한 주도 조건을 보였지만, 현재 RS 비율이 20일선 아래로 내려갔고, 최근 5거래일 중 4일 QQQ를 언더퍼폼했기 때문에 모멘텀 약화로 판정됐습니다.",2026-09-24T01:37:02+00:00
2026-09-23,QQQ,XLE,에너지,yfinance (Yahoo Finance),5.0,11.0,62.369998931884766,-0.0201354449047066,0.0109688485911942,0.1709728955348903,0.0528755006995336,0.043986944989024,0.0247242885777021,-0.0730109456042402,-0.0330180963978297,0.1462486069571882,0.0841461894509915,-0.0693443294632,-0.0316269246050553,False,False,0.0887743690607931,63.67447757720947,61.19185813903809,55.25465864181518,False,True,True,True,정배열 · 20일선 아래/50일선 위/200일선 위,36538100,20.0,32085360.0,32085360.0,1.1387779348587643,1.0,4.0,14.0,47.54562502337559,47.54562502337559,20.0,0.2068210842283755,0.2068210842283755,False,True,2026-09-23,2026-09-24T05:42:38+09:00,62.37,61.78,64.31,3.48,-0.86685004566602,정상 범위,상대 모멘텀 약화 · 주간 기준가 아래,약화,"XLE는 최근 20거래일 안에 강한 주도 조건을 보였지만, 현재 RS 비율이 20일선 아래로 내려갔고, 최근 5거래일 중 4일 QQQ를 언더퍼폼했기 때문에 모멘텀 약화로 판정됐습니다.",2026-09-24T01:37:02+00:00
2026-09-23,QQQ,XLF,금융,yfinance (Yahoo Finance),10.0,11.0,54.540000915527344,-0.0214012902252545,-0.0613440684824008,0.0188575095106349,0.0528755006995336,0.043986944989024,0.0247242885777021,-0.0742767909247881,-0.1053310134714248,-0.0058667790670672,0.0735823846126292,-0.0705466039198732,-0.1008930370029985,False,False,0.0791403060411288,56.76533851623535,56.93479461669922,53.30147974014282,False,False,True,False,정배열 아님 · 20일선 아래/50일선 아래/200일선 위,42667100,20.0,33740725.0,33740725.0,1.2645578896126268,1.0,4.0,14.0,30.64338925608149,30.64338925608149,20.0,0.1329964242676224,0.1329964242676224,False,True,2026-09-23,2026-09-24T05:42:38+09:00,54.54,54.8,55.86,1.86,-1.2704572491135675,하단 이탈,중기·단기 약세 동행,약세,"XLF는 QQQ 대비 20일 상대수익률이 -10.5%, 60일 상대수익률이 -0.6%이고, 현재 가격 54.54가 20일선(56.77)과 50일선(56.93) 아래라 약세로 판정됐습니다.",2026-09-24T01:37:02+00:00
2026-09-23,QQQ,XLI,산업재,yfinance (Yahoo Finance),8.0,11.0,170.10000610351562,0.0101105527110001,-0.0471666310526091,-0.0587352689830438,0.0531444909262002,0.0504903808300494,0.0501929550333699,-0.0430339382152,-0.0976570118826585,-0.1089282240164137,0.2294896197582589,-0.0408623304646006,-0.0929632614108225,False,False,0.2412228052087147,172.6122833251953,178.07328552246094,170.86798179626464,False,False,False,False,정배열 아님 · 20일선 아래/50일선 아래/200일선 아래,8006400,20.0,7604580.0,7604580.0,1.0528392100549933,1.0,4.0,14.0,37.49038945506327,37.49038945506327,20.0,0.1319220035826994,0.1319220035826994,False,True,2026-09-23,2026-09-24T05:42:38+09:00,170.1,170.27,169.75,2.37,0.0869981295402134,정상 범위,중기 약세 속 단기 반등,약세,"XLI는 QQQ 대비 20일 상대수익률이 -9.8%, 60일 상대수익률이 -10.9%이고, 현재 가격 170.10가 20일선(172.61)과 50일선(178.07) 아래라 약세로 판정됐습니다.",2026-09-24T01:37:02+00:00
2026-09-23,QQQ,XLV,헬스케어,yfinance (Yahoo Finance),7.0,11.0,168.8000030517578,0.0106525974396747,-0.0300742914223143,0.0567919503094198,0.0531444909262002,0.0504903808300494,0.0501929550333699,-0.0424918934865254,-0.0805646722523637,0.0065989952760499,0.2277357267816124,-0.0403476387643213,-0.0766924416658675,False,False,0.2363608569315208,169.13533554077148,166.45241943359375,154.75585960388185,False,True,True,True,정배열 · 20일선 아래/50일선 위/200일선 위,7429100,20.0,7393315.0,7393315.0,1.0048401833277765,1.0,4.0,14.0,52.857581620145474,52.857581620145474,20.0,0.1370935340994613,0.1370935340994613,False,True,2026-09-23,2026-09-24T05:42:38+09:00,168.8,169.89,168.39,1.91,0.1274776921811791,정상 범위,상대강도 개선 · 주간 기준가 위,개선 중,"XLV는 QQQ 대비 20일 상대수익률이 아직 -8.1%이지만, 5일 상대수익률이 -4.2%로 중기 값보다 빠르게 개선돼 개선 중으로 판정됐습니다.",2026-09-24T01:37:02+00:00
2026-09-23,QQQ,XLY,경기소비재,yfinance (Yahoo Finance),11.0,11.0,110.6500015258789,0.0001236438824483,-0.0626060724125311,-0.0303951908310341,0.0531444909262002,0.0504903808300494,0.0501929550333699,-0.0530208470437518,-0.1130964532425805,-0.0805881458644041,0.1492829268975546,-0.0503452731325806,-0.1076606271760592,False,False,0.1587355699203584,113.58387908935546,114.92070877075196,116.25677658081057,False,False,False,False,정배열 아님 · 20일선 아래/50일선 아래/200일선 아래,6961700,20.0,5877075.0,5877075.0,1.1845518391376664,0.0,5.0,14.0,39.53004232948516,39.53004232948516,20.0,0.1624705444139067,0.1624705444139067,False,True,2026-09-23,2026-09-24T05:42:38+09:00,110.65,112.33,111.03,2.69,-0.1272304246784152,정상 범위,중기 약세 · 단기 위치는 예상 범위 안,약세,"XLY는 QQQ 대비 20일 상대수익률이 -11.3%, 60일 상대수익률이 -8.1%이고, 현재 가격 110.65가 20일선(113.58)과 50일선(114.92) 아래라 약세로 판정됐습니다.",2026-09-24T01:37:02+00:00
2026-09-24,QQQ,CIBR,사이버보안,yfinance (Yahoo Finance),1.0,11.0,103.19000244140624,0.0288432127963311,0.1160824543033842,0.1660224024458907,0.052719181787104,0.0438319457476865,0.0245721492352783,-0.0238759689907728,0.0722505085556977,0.1414502532106123,0.1392389769812378,-0.022680283026895,0.0692166098671616,False,False,0.136827663222173,98.14881858825684,95.76409729003906,78.85802499771118,True,True,True,True,정배열 · 20일선 위/50일선 위/200일선 위,1185400,20.0,1715175.0,1715175.0,0.6911248123369336,2.0,3.0,14.0,61.78624487097103,61.78624487097103,20.0,0.4346574494217156,0.4346574494217156,True,True,2026-09-24,2026-09-25T05:42:40+09:00,103.19,104.01,99.87,4.21,0.7896250874355173,정상 범위,상대강도 중립 · 주간 예상 범위 안,중립,"CIBR의 QQQ 대비 상대수익률은 5일 -2.4%, 20일 +7.2%, 60일 +14.1%이며, 현재는 다른 명시적 조건을 충족하지 않아 중립으로 판정됐습니다.",2026-09-25T01:49:19+00:00
2026-09-24,QQQ,IGV,소프트웨어,yfinance (Yahoo Finance),4.0,11.0,107.1500015258789,0.0129514346983539,0.0464889360738847,0.1826711184380995,0.0348047817457104,0.0428781218237226,0.0074309990218723,-0.0218533470473565,0.003610814250162,0.1752401194162272,0.1445823843688062,-0.0211183282420575,0.0034623549718806,False,False,0.147048830581302,105.72699966430665,101.1365998840332,93.66257122039796,True,True,True,True,정배열 · 20일선 위/50일선 위/200일선 위,6430600,20.0,10282200.0,10282200.0,0.625410904281185,1.0,4.0,14.0,56.584262687916734,56.584262687916734,20.0,0.4277592709082036,0.4277592709082036,False,True,2026-09-24,2026-09-25T05:42:40+09:00,107.15,108.1,104.35,3.91,0.6862602127161596,정상 범위,상대 모멘텀 약화 · 주간 예상 범위 안,약화,"IGV는 최근 20거래일 안에 강한 주도 조건을 보였지만, 현재 RS 비율이 20일선 아래로 내려갔고, 최근 5거래일 중 4일 QQQ를 언더퍼폼했기 때문에 모멘텀 약화로 판정됐습니다.",2026-09-25T01:49:19+00:00
2026-09-24,QQQ,IWM,중소형주,yfinance (Yahoo Finance),9.0,11.0,281.6600036621094,-0.0132081039498683,-0.0553118572682286,-0.0600911451703243,0.0348047817457104,0.0428781218237226,0.0074309990218723,-0.0480128856955788,-0.0981899790919512,-0.0675221441921967,0.380056689975492,-0.0463980129803627,-0.0941528804154435,False,False,0.4021071255428795,289.04417114257814,293.6271514892578,274.2557180023193,False,False,True,False,정배열 아님 · 20일선 아래/50일선 아래/200일선 위,27282800,20.0,22388975.0,22388975.0,1.2185819136427638,0.0,5.0,14.0,34.63989129938821,34.63989129938821,20.0,0.1273447803742782,0.1273447803742782,False,False,,,,,,,,,,약세,"IWM는 QQQ 대비 20일 상대수익률이 -9.8%, 60일 상대수익률이 -6.8%이고, 현재 가격 281.66가 20일선(289.04)과 50일선(293.63) 아래라 약세로 판정됐습니다.",2026-09-25T01:49:19+00:00
2026-09-24,QQQ,SKYY,클라우드,yfinance (Yahoo Finance),3.0,11.0,166.91000366210938,0.0310087361256852,0.0523959472811743,0.2559067819981644,0.052719181787104,0.0438319457476865,0.0245721492352783,-0.0217104456614187,0.0085640015334877,0.231334632762886,0.2252192810155538,-0.0206232070594202,0.0082043872755337,False,False,0.2266573634074614,162.56999969482422,154.54219970703124,131.64070003509522,True,True,True,True,정배열 · 20일선 위/50일선 위/200일선 위,110700,20.0,234920.0,234920.0,0.4712242465520177,1.0,4.0,14.0,60.43768135234265,60.43768135234265,20.0,0.3007615692921324,0.3007615692921324,False,False,,,,,,,,,,약화,"SKYY는 최근 20거래일 안에 강한 주도 조건을 보였지만, 현재 RS 비율이 20일선 아래로 내려갔고, 최근 5거래일 중 4일 QQQ를 언더퍼폼했기 때문에 모멘텀 약화로 판정됐습니다.",2026-09-25T01:49:19+00:00
2026-09-24,QQQ,SMH,반도체,yfinance (Yahoo Finance),2.0,11.0,600.52001953125,0.0711903733834844,0.0805189168673461,-0.0844196342078271,0.0348047817457104,0.0428781218237226,0.0074309990218723,0.0363855916377739,0.0376407950436235,-0.0918506332296995,0.810309053183357,0.035161793103035,0.0360931869754821,False,False,0.7884717584346427,567.1539978027344,565.1378009033203,492.036060180664,True,True,True,True,정배열 · 20일선 위/50일선 위/200일선 위,5628200,20.0,6539000.0,6539000.0,0.8607126471937605,3.0,2.0,14.0,60.99186240850362,60.99186240850362,20.0,0.3580202794568295,0.3580202794568295,True,False,,,,,,,,,,중립,"SMH의 QQQ 대비 상대수익률은 5일 +3.6%, 20일 +3.8%, 60일 -9.2%이며, 현재는 다른 명시적 조건을 충족하지 않아 중립으로 판정됐습니다.",2026-09-25T01:49:19+00:00
2026-09-24,QQQ,XLC,커뮤니케이션 서비스,yfinance (Yahoo Finance),5.0,11.0,113.98999786376952,0.0120857048293099,0.0104760598506776,0.0601194244365419,0.052719181787104,0.0438319457476865,0.0245721492352783,-0.040633476957794,-0.0333558858970088,0.0355472752012635,0.1538119034124179,-0.0385985908310462,-0.0319552261577091,False,False,0.1564505794002281,112.1959701538086,110.97654449462893,113.2507231903076,True,True,True,False,정배열 아님 · 20일선 위/50일선 위/200일선 위,5487800,20.0,4806105.0,4806105.0,1.141839389692901,2.0,3.0,14.0,55.40557364307002,55.40557364307002,20.0,0.2318500230333022,0.2318500230333022,False,True,2026-09-24,2026-09-25T05:42:40+09:00,113.99,112.56,110.81,2.06,1.3930956776359047,상단 이탈,높은 SIGMA 위치에서 상대 모멘텀 약화,약화,"XLC는 최근 20거래일 안에 강한 주도 조건을 보였지만, 현재 RS 비율이 20일선 아래로 내려갔기 때문에 모멘텀 약화로 판정됐습니다.",2026-09-25T01:49:19+00:00
2026-09-24,QQQ,XLE,에너지,yfinance (Yahoo Finance),6.0,11.0,62.59999847412109,-0.0233857091710325,0.0086832294677707,0.185691884099082,0.0348047817457104,0.0428781218237226,0.0074309990218723,-0.058190490916743,-0.0341948923559518,0.1782608850772096,0.0844690332429542,-0.0562333030763307,-0.0327889631974961,False,False,0.0886311918266144,63.701422119140624,61.32053520202637,55.34442329406738,False,True,True,True,정배열 · 20일선 아래/50일선 위/200일선 위,38157000,20.0,32774185.0,32774185.0,1.1642394768931708,2.0,3.0,14.0,48.83253259334186,48.83253259334186,20.0,0.2061995501608298,0.2061995501608298,False,True,2026-09-24,2026-09-25T05:42:40+09:00,62.6,62.37,64.31,3.48,-0.764079163963346,정상 범위,상대 모멘텀 약화 · 주간 기준가 아래,약화,"XLE는 최근 20거래일 안에 강한 주도 조건을 보였지만, 현재 RS 비율이 20일선 아래로 내려갔기 때문에 모멘텀 약화로 판정됐습니다.",2026-09-25T01:49:19+00:00
2026-09-24,QQQ,XLF,금융,yfinance (Yahoo Finance),10.0,11.0,54.52999877929688,-0.0207052899969624,-0.0607107806159916,0.0207608152483529,0.0348047817457104,0.0428781218237226,0.0074309990218723,-0.0555100717426728,-0.1035889024397143,0.0133298162264805,0.0735798145671016,-0.053643037529289,-0.0993298260573003,False,False,0.0787345709344424,56.589111709594725,56.89818397521972,53.30989616394043,False,False,True,False,정배열 아님 · 20일선 아래/50일선 아래/200일선 위,28784400,20.0,34179060.0,34179060.0,0.8421647640397366,1.0,4.0,14.0,30.58303341320422,30.58303341320422,20.0,0.1331703952064795,0.1331703952064795,False,True,2026-09-24,2026-09-25T05:42:40+09:00,54.53,54.54,55.86,1.86,-1.2800819252432138,하단 이탈,상대강도 개선 · 아직 주간 기준가 아래,개선 중,"XLF는 QQQ 대비 20일 상대수익률이 아직 -10.4%이지만, 5일 상대수익률이 -5.6%로 중기 값보다 빠르게 개선돼 개선 중으로 판정됐습니다.",2026-09-25T01:49:19+00:00
2026-09-24,QQQ,XLI,산업재,yfinance (Yahoo Finance),8.0,11.0,168.8300018310547,0.0034007612082513,-0.0511000418171633,-0.073737396146001,0.052719181787104,0.0438319457476865,0.0245721492352783,-0.0493184205788526,-0.0949319875648498,-0.0983095453812794,0.2278100221195828,-0.0468486006829753,-0.0909456622319132,False,False,0.2400832510333504,172.15769271850587,177.85055938720703,170.94584121704102,False,False,False,False,정배열 아님 · 20일선 아래/50일선 아래/200일선 아래,8598900,20.0,7706310.0,7706310.0,1.115825862183068,1.0,4.0,14.0,34.518841863453346,34.518841863453346,20.0,0.1331269164077095,0.1331269164077095,False,True,2026-09-24,2026-09-25T05:42:40+09:00,168.83,170.1,169.75,2.37,-0.2286807976485617,정상 범위,중기 약세 · 단기 위치는 예상 범위 안,약세,"XLI는 QQQ 대비 20일 상대수익률이 -9.5%, 60일 상대수익률이 -9.8%이고, 현재 가격 168.83가 20일선(172.16)과 50일선(177.85) 아래라 약세로 판정됐습니다.",2026-09-25T01:49:19+00:00
2026-09-24,QQQ,XLV,헬스케어,yfinance (Yahoo Finance),7.0,11.0,169.8699951171875,0.0163921375002555,-0.0272113604963716,0.0608442176290571,0.052719181787104,0.0438319457476865,0.0245721492352783,-0.0363270442868484,-0.0710433062440581,0.0362720683937787,0.2292133324965809,-0.0345078202386122,-0.0680600996486752,False,False,0.2355238779458243,168.8977508544922,166.6960891723633,154.84835762023926,True,True,True,True,정배열 · 20일선 위/50일선 위/200일선 위,8870900,20.0,7565160.0,7565160.0,1.17259912546463,1.0,4.0,14.0,56.06673634478278,56.06673634478278,20.0,0.1388795544576539,0.1388795544576539,False,True,2026-09-24,2026-09-25T05:42:40+09:00,169.87,168.8,168.39,1.91,0.4601633766539899,정상 범위,상대강도 개선 · 주간 기준가 위,개선 중,"XLV는 QQQ 대비 20일 상대수익률이 아직 -7.1%이지만, 5일 상대수익률이 -3.6%로 중기 값보다 빠르게 개선돼 개선 중으로 판정됐습니다.",2026-09-25T01:49:19+00:00
2026-09-24,QQQ,XLY,경기소비재,yfinance (Yahoo Finance),11.0,11.0,110.31999969482422,0.003475904136192,-0.0626284238777381,-0.0559855489995473,0.052719181787104,0.0438319457476865,0.0245721492352783,-0.0492432776509119,-0.1064603696254247,-0.0805576982348257,0.1488598074876492,-0.0467772208418547,-0.1019899516000806,False,False,0.1578902450496671,113.21533966064452,114.81420288085936,116.2178749847412,False,False,False,False,정배열 아님 · 20일선 아래/50일선 아래/200일선 아래,5000300,20.0,5919285.0,5919285.0,0.844747296337311,0.0,5.0,14.0,38.62880880859866,38.62880880859866,20.0,0.1624701413972799,0.1624701413972799,False,True,2026-09-24,2026-09-25T05:42:40+09:00,110.32,110.65,111.03,2.69,-0.2377200040044128,정상 범위,중기 약세 · 단기 위치는 예상 범위 안,약세,"XLY는 QQQ 대비 20일 상대수익률이 -10.6%, 60일 상대수익률이 -8.1%이고, 현재 가격 110.32가 20일선(113.22)과 50일선(114.81) 아래라 약세로 판정됐습니다.",2026-09-25T01:49:19+00:00
2026-09-25,QQQ,CIBR,사이버보안,yfinance (Yahoo Finance),4.0,11.0,100.9499969482422,0.010843189684657,0.0016163064672092,0.1080332869270304,0.0330248316957759,0.0335119189640586,0.0277256781362456,-0.0221816420111189,-0.0318956124968494,0.0803076087907848,0.1355943545308827,-0.0214725157910351,-0.0308613881577874,False,False,0.1368833997294121,98.60270042419434,96.13504470825195,79.12871072769165,True,True,True,True,정배열 · 20일선 위/50일선 위/200일선 위,1139600,20.0,1701350.0,1701350.0,0.6698210244805596,2.0,3.0,14.0,55.40525792977677,55.40525792977677,20.0,0.3563944330923685,0.3563944330923685,False,True,2026-09-25,2026-09-26T07:07:50+09:00,100.95,103.19,100.95,4.57,0.0,정상 범위,상대 모멘텀 약화 · 주간 예상 범위 안,약화,"CIBR는 최근 20거래일 안에 강한 주도 조건을 보였지만, 현재 RS 비율이 20일선 아래로 내려갔기 때문에 모멘텀 약화로 판정됐습니다.",2026-09-26T01:52:57+00:00
2026-09-25,QQQ,IGV,소프트웨어,yfinance (Yahoo Finance),7.0,11.0,106.01000213623048,0.015908037243729,-0.0390681433150508,0.1357403717102627,0.0330248316957759,0.0335119189640586,0.0277256781362456,-0.0171167944520469,-0.0725800622791095,0.1080146935740171,0.1423908692226064,-0.0165695866419288,-0.0702266330434391,False,False,0.1465110849501078,105.51149978637696,101.38279998779296,93.6457237625122,True,True,True,True,정배열 · 20일선 위/50일선 위/200일선 위,7262100,20.0,9420340.0,9420340.0,0.7708957426165085,1.0,4.0,14.0,53.688981874461206,53.688981874461206,20.0,0.3253895656491575,0.3253895656491575,False,True,2026-09-25,2026-09-26T07:07:50+09:00,106.01,107.15,106.01,4.15,0.0,정상 범위,상대 모멘텀 약화 · 주간 예상 범위 안,약화,"IGV는 최근 20거래일 안에 강한 주도 조건을 보였지만, 현재 RS 비율이 20일선 아래로 내려갔고, 최근 5거래일 중 4일 QQQ를 언더퍼폼했기 때문에 모멘텀 약화로 판정됐습니다.",2026-09-26T01:52:57+00:00
2026-09-25,QQQ,IWM,중소형주,yfinance (Yahoo Finance),11.0,11.0,281.9700012207031,-0.007497377110356,-0.0570479483664064,-0.0555043420091738,0.0330248316957759,0.0335119189640586,0.0277256781362456,-0.040522208806132,-0.0905598673304651,-0.0832300201454194,0.3787374092957731,-0.0392267519258102,-0.0876234377840925,False,False,0.4002884535605931,288.1912216186523,293.3701513671875,274.42383308410643,False,False,True,False,정배열 아님 · 20일선 아래/50일선 아래/200일선 위,22604100,20.0,22837500.0,22837500.0,0.9897799671592776,0.0,5.0,14.0,35.41156677926608,35.41156677926608,20.0,0.1264047893658213,0.1264047893658213,False,False,,,,,,,,,,약세,"IWM는 QQQ 대비 20일 상대수익률이 -9.1%, 60일 상대수익률이 -8.3%이고, 현재 가격 281.97가 20일선(288.19)과 50일선(293.37) 아래라 약세로 판정됐습니다.",2026-09-26T01:52:57+00:00
2026-09-25,QQQ,SKYY,클라우드,yfinance (Yahoo Finance),6.0,11.0,164.67999267578125,0.0164176541981022,-0.0115246900203676,0.2082170872237367,0.0330248316957759,0.0335119189640586,0.0277256781362456,-0.0166071774976737,-0.0450366089844262,0.1804914090874911,0.2211954233388599,-0.0160762616619893,-0.0435762840834664,False,False,0.2261022388614737,162.84999923706056,155.71539947509766,131.97159999847412,True,True,True,True,정배열 · 20일선 위/50일선 위/200일선 위,95900,20.0,233640.0,233640.0,0.4104605375791816,2.0,3.0,14.0,55.70295429724229,55.70295429724229,20.0,0.2655238566504525,0.2655238566504525,False,False,,,,,,,,,,약화,"SKYY는 최근 20거래일 안에 강한 주도 조건을 보였지만, 현재 RS 비율이 20일선 아래로 내려갔기 때문에 모멘텀 약화로 판정됐습니다.",2026-09-26T01:52:57+00:00
2026-09-25,QQQ,SMH,반도체,yfinance (Yahoo Finance),1.0,11.0,606.5599975585938,0.0585689311668302,0.0585689311668302,-0.0224027720107888,0.0330248316957759,0.0335119189640586,0.0277256781362456,0.0255440994710542,0.0250570122027715,-0.0501284501470344,0.8147212861767545,0.024727478650365,0.0242445314301624,True,False,0.7894360074603101,568.831997680664,565.890601196289,493.2318263244629,True,True,True,True,정배열 · 20일선 위/50일선 위/200일선 위,4656600,20.0,6444565.0,6444565.0,0.7225623451699222,3.0,2.0,14.0,62.71975134386035,62.71975134386035,20.0,0.3446334195908048,0.3446334195908048,True,False,,,,,,,,,,중립,"SMH의 QQQ 대비 상대수익률은 5일 +2.6%, 20일 +2.5%, 60일 -5.0%이며, 현재는 다른 명시적 조건을 충족하지 않아 중립으로 판정됐습니다.",2026-09-26T01:52:57+00:00
2026-09-25,QQQ,XLC,커뮤니케이션 서비스,yfinance (Yahoo Finance),2.0,11.0,112.95999908447266,0.0227623251314883,0.0172541456016837,0.0327345601196267,0.0330248316957759,0.0335119189640586,0.0277256781362456,-0.0102625065642876,-0.0162577733623749,0.0050088819833811,0.1517259893679955,-0.0099344238874116,-0.0157306104207012,False,False,0.1560264919595045,112.35626449584962,111.000594329834,113.23049640655518,True,True,False,False,정배열 아님 · 20일선 위/50일선 위/200일선 아래,4991700,20.0,5020620.0,5020620.0,0.9942397552493516,2.0,3.0,14.0,52.28807307375715,52.28807307375715,20.0,0.2247097563587326,0.2247097563587326,False,True,2026-09-25,2026-09-26T07:07:50+09:00,112.96,113.99,112.96,2.19,0.0,정상 범위,상대 모멘텀 약화 · 주간 예상 범위 안,약화,"XLC는 최근 20거래일 안에 강한 주도 조건을 보였지만, 현재 RS 비율이 20일선 아래로 내려갔기 때문에 모멘텀 약화로 판정됐습니다.",2026-09-26T01:52:57+00:00
2026-09-25,QQQ,XLE,에너지,yfinance (Yahoo Finance),3.0,11.0,62.040000915527344,-0.0295635175771151,0.001906672948728,0.1817604141484141,0.0330248316957759,0.0335119189640586,0.0277256781362456,-0.0625883492728911,-0.0316052460153306,0.1540347360121685,0.0833310959241468,-0.0605874586481609,-0.0305804368923101,False,False,0.088499757439634,63.70732536315918,61.42767372131348,55.43381896972656,False,True,True,True,정배열 · 20일선 아래/50일선 위/200일선 위,37559500,20.0,33172790.0,33172790.0,1.132238198837059,2.0,3.0,14.0,45.88103336810328,45.88103336810328,20.0,0.2087446424825149,0.2087446424825149,False,True,2026-09-25,2026-09-26T07:07:50+09:00,62.04,62.6,62.04,3.64,0.0,정상 범위,상대 모멘텀 약화 · 주간 예상 범위 안,약화,"XLE는 최근 20거래일 안에 강한 주도 조건을 보였지만, 현재 RS 비율이 20일선 아래로 내려갔기 때문에 모멘텀 약화로 판정됐습니다.",2026-09-26T01:52:57+00:00
2026-09-25,QQQ,XLF,금융,yfinance (Yahoo Finance),10.0,11.0,54.84000015258789,-0.0147853704165533,-0.0491691957047194,0.0046383533744189,0.0330248316957759,0.0335119189640586,0.0277256781362456,-0.0478102021123293,-0.0826811146687781,-0.0230873247618266,0.0736601748187883,-0.0462817549446956,-0.0800001559262653,False,False,0.0784143086263008,56.447317886352536,56.8639867401123,53.3208473777771,False,False,True,False,정배열 아님 · 20일선 아래/50일선 아래/200일선 위,29101300,20.0,34331200.0,34331200.0,0.8476633499557255,2.0,3.0,14.0,34.865085172357425,34.865085172357425,20.0,0.1360204396140051,0.1360204396140051,False,True,2026-09-25,2026-09-26T07:07:50+09:00,54.84,54.53,54.84,1.91,0.0,정상 범위,중기 약세 · 단기 위치는 예상 범위 안,약세,"XLF는 QQQ 대비 20일 상대수익률이 -8.3%, 60일 상대수익률이 -2.3%이고, 현재 가격 54.84가 20일선(56.45)과 50일선(56.86) 아래라 약세로 판정됐습니다.",2026-09-26T01:52:57+00:00
2026-09-25,QQQ,XLI,산업재,yfinance (Yahoo Finance),9.0,11.0,170.42999267578125,0.006704241230466,-0.0442503047124407,-0.0680189388417727,0.0330248316957759,0.0335119189640586,0.0277256781362456,-0.0263205904653098,-0.0777622236764994,-0.0957446169780184,0.2289187275698875,-0.0254791459582853,-0.0752407613783927,False,False,0.2378871492331181,171.2838249206543,177.4796697998047,171.12195152282715,False,False,False,False,정배열 아님 · 20일선 아래/50일선 아래/200일선 아래,7292700,20.0,7750930.0,7750930.0,0.9408806427099716,2.0,3.0,14.0,41.21699584601805,41.21699584601805,20.0,0.1299220234558155,0.1299220234558155,False,True,2026-09-25,2026-09-26T07:07:50+09:00,170.43,168.83,170.43,2.19,0.0,정상 범위,중기 약세 · 단기 위치는 예상 범위 안,약세,"XLI는 QQQ 대비 20일 상대수익률이 -7.8%, 60일 상대수익률이 -9.6%이고, 현재 가격 170.43가 20일선(171.28)과 50일선(177.48) 아래라 약세로 판정됐습니다.",2026-09-26T01:52:57+00:00
2026-09-25,QQQ,XLV,헬스케어,yfinance (Yahoo Finance),5.0,11.0,170.6999969482422,0.0175978004523205,-0.0013213059762916,0.0740460360511725,0.0330248316957759,0.0335119189640586,0.0277256781362456,-0.0154270312434554,-0.0348332249403503,0.0463203579149269,0.229281392811608,-0.0149338435728898,-0.0337037476793354,False,False,0.2343247591744718,168.7370407104492,167.1304962158203,155.05289604187013,True,True,True,True,정배열 · 20일선 위/50일선 위/200일선 위,6003700,20.0,7585200.0,7585200.0,0.7915018720666561,3.0,2.0,14.0,57.77856428785136,57.77856428785136,20.0,0.1339883239113777,0.1339883239113777,False,True,2026-09-25,2026-09-26T07:07:50+09:00,170.7,169.87,170.7,2.31,0.0,정상 범위,상대강도 개선 · 주간 기준가 위,개선 중,"XLV는 QQQ 대비 20일 상대수익률이 아직 -3.5%이지만, 5일 상대수익률이 -1.5%로 중기 값보다 빠르게 개선돼 개선 중으로 판정됐습니다.",2026-09-26T01:52:57+00:00
2026-09-25,QQQ,XLY,경기소비재,yfinance (Yahoo Finance),8.0,11.0,110.55999755859376,-0.0020399503007449,-0.0438082026261008,-0.0617029207647596,0.0330248316957759,0.0335119189640586,0.0277256781362456,-0.0350647819965209,-0.0773201215901595,-0.0894285989010053,0.1485023472915967,-0.0339437939153505,-0.07481299457839,False,False,0.156578665955164,112.73344650268557,114.59550262451172,116.15340503692627,False,False,False,False,정배열 아님 · 20일선 아래/50일선 아래/200일선 아래,6128700,20.0,6182735.0,6182735.0,0.9912603402862972,0.0,5.0,14.0,39.52895444866072,39.52895444866072,20.0,0.1613691227745601,0.1613691227745601,False,True,2026-09-25,2026-09-26T07:07:50+09:00,110.56,110.32,110.56,2.58,0.0,정상 범위,중기 약세 · 단기 위치는 예상 범위 안,약세,"XLY는 QQQ 대비 20일 상대수익률이 -7.7%, 60일 상대수익률이 -8.9%이고, 현재 가격 110.56가 20일선(112.73)과 50일선(114.60) 아래라 약세로 판정됐습니다.",2026-09-26T01:52:57+00:00
2026-09-28,QQQ,CIBR,사이버보안,yfinance (Yahoo Finance),2.0,11.0,101.66999816894533,-0.0137458886003678,0.0315841754538965,0.1213514356121341,-0.0066623620664846,0.029127039919166,0.0346583258203125,-0.0070835265338832,0.0024571355347304,0.0866931097918215,0.1380391757631445,-0.0071310360781448,0.0023875920458991,False,False,0.1368998395397554,98.75834274291992,96.32129791259766,79.26088811874389,True,True,True,True,정배열 · 20일선 위/50일선 위/200일선 위,1264200,20.0,1685860.0,1685860.0,0.7498843320323159,2.0,3.0,14.0,56.84699297207644,56.84699297207644,20.0,0.3469648955598116,0.3469648955598116,True,True,2026-09-28,2026-09-29T05:46:01+09:00,101.67,100.95,100.95,4.57,0.1560666014221566,정상 범위,상대강도 중립 · 주간 예상 범위 안,중립,"CIBR의 QQQ 대비 상대수익률은 5일 -0.7%, 20일 +0.2%, 60일 +8.7%이며, 현재는 다른 명시적 조건을 충족하지 않아 중립으로 판정됐습니다.",2026-09-29T02:41:37+00:00
2026-09-28,QQQ,IGV,소프트웨어,yfinance (Yahoo Finance),7.0,11.0,105.43000030517578,-0.0158685428155179,-0.037168946984696,0.1267500336542972,-0.0066623620664846,0.029127039919166,0.0346583258203125,-0.0092061807490333,-0.0662959869038621,0.0920917078339846,0.1431441979437336,-0.0092679270345432,-0.0644196336625938,False,False,0.1460182733689627,105.30799980163576,101.63539993286132,93.623226852417,True,True,True,True,정배열 · 20일선 위/50일선 위/200일선 위,8392500,20.0,9062605.0,9062605.0,0.9260582360149208,2.0,3.0,14.0,52.22484519202721,52.22484519202721,20.0,0.3250128858423766,0.3250128858423766,False,True,2026-09-28,2026-09-29T05:46:01+09:00,105.43,106.01,106.01,4.15,-0.1318357099750758,정상 범위,상대 모멘텀 약화 · 주간 기준가 아래,약화,"IGV는 최근 20거래일 안에 강한 주도 조건을 보였지만, 현재 RS 비율이 20일선 아래로 내려갔기 때문에 모멘텀 약화로 판정됐습니다.",2026-09-29T02:41:37+00:00
2026-09-28,QQQ,IWM,중소형주,yfinance (Yahoo Finance),9.0,11.0,280.0199890136719,-0.0194691428672183,-0.0507140003958248,-0.0565517135013418,-0.0066623620664846,0.029127039919166,0.0346583258203125,-0.0128067808007337,-0.0798410403149909,-0.0912100393216543,0.3801881496685093,-0.0128926764794458,-0.0775813259374296,False,False,0.3986896404843642,287.44324188232423,293.1050701904297,274.5796254730225,False,False,True,False,정배열 아님 · 20일선 아래/50일선 아래/200일선 위,24920800,20.0,23130900.0,23130900.0,1.077381338382856,1.0,4.0,14.0,32.789071699992974,32.789071699992974,20.0,0.1210839406487199,0.1210839406487199,False,False,,,,,,,,,,약세,"IWM는 QQQ 대비 20일 상대수익률이 -8.0%, 60일 상대수익률이 -9.1%이고, 현재 가격 280.02가 20일선(287.44)과 50일선(293.11) 아래라 약세로 판정됐습니다.",2026-09-29T02:41:37+00:00
2026-09-28,QQQ,SKYY,클라우드,yfinance (Yahoo Finance),6.0,11.0,162.4600067138672,-0.0341834597853681,-0.0162286101833983,0.2046567253344435,-0.0066623620664846,0.029127039919166,0.0346583258203125,-0.0275210977188835,-0.0453556501025644,0.1699983995141309,0.2205748581208004,-0.0277056830103981,-0.0440719642408063,False,False,0.2255937713358926,162.71599960327148,156.2425994873047,132.110950050354,False,True,True,True,정배열 · 20일선 아래/50일선 위/200일선 위,240300,20.0,233425.0,233425.0,1.0294527150048196,1.0,4.0,14.0,51.52067701782622,51.52067701782622,20.0,0.2679996385619408,0.2679996385619408,False,False,,,,,,,,,,개선 중,"SKYY는 QQQ 대비 20일 상대수익률이 아직 -4.5%이지만, 5일 상대수익률이 -2.8%로 중기 값보다 빠르게 개선돼 개선 중으로 판정됐습니다.",2026-09-29T02:41:37+00:00
2026-09-28,QQQ,SMH,반도체,yfinance (Yahoo Finance),1.0,11.0,600.010009765625,0.0066774831352793,0.0847933063154742,0.013034209634938,-0.0066623620664846,0.029127039919166,0.0346583258203125,0.013339845201764,0.0556662663963081,-0.0216241161853745,0.814644326638551,0.0134293161683831,0.0540907625949469,False,False,0.7915261848167195,571.1769989013671,566.7602008056641,494.3925994873047,True,True,True,True,정배열 · 20일선 위/50일선 위/200일선 위,5823900,20.0,6412670.0,6412670.0,0.9081864496379825,2.0,3.0,14.0,59.63478736020443,59.63478736020443,20.0,0.3193862811044577,0.3193862811044577,True,False,,,,,,,,,,중립,"SMH의 QQQ 대비 상대수익률은 5일 +1.3%, 20일 +5.6%, 60일 -2.2%이며, 현재는 다른 명시적 조건을 충족하지 않아 중립으로 판정됐습니다.",2026-09-29T02:41:37+00:00
2026-09-28,QQQ,XLC,커뮤니케이션 서비스,yfinance (Yahoo Finance),5.0,11.0,111.18000030517578,-0.0311111084516272,-0.012776150084519,0.0177593696347073,-0.0066623620664846,0.029127039919166,0.0346583258203125,-0.0244487463851426,-0.0419031900036851,-0.0168989561856052,0.1509510758323231,-0.0246127252723498,-0.0407172179704621,False,False,0.1557061324173194,112.28432273864746,111.01846389770508,113.21156436920164,False,True,False,False,정배열 아님 · 20일선 아래/50일선 위/200일선 아래,5299500,20.0,5098420.0,5098420.0,1.0394396695446824,1.0,4.0,14.0,47.25823601084671,47.25823601084671,20.0,0.2264513719196576,0.2264513719196576,False,True,2026-09-28,2026-09-29T05:46:01+09:00,111.18,112.96,112.96,2.19,-0.7195338067704036,정상 범위,상대 모멘텀 약화 · 주간 기준가 아래,약화,"XLC는 최근 20거래일 안에 강한 주도 조건을 보였지만, 현재 RS 비율이 20일선 아래로 내려갔고, 최근 5거래일 중 4일 QQQ를 언더퍼폼했기 때문에 모멘텀 약화로 판정됐습니다.",2026-09-29T02:41:37+00:00
2026-09-28,QQQ,XLE,에너지,yfinance (Yahoo Finance),4.0,11.0,62.09999847412109,-0.0057636986171691,-0.0033643735165999,0.1737903319716023,-0.0066623620664846,0.029127039919166,0.0346583258203125,0.0008986634493154,-0.032491413435766,0.1391320061512897,0.0843142791250542,0.0009046908271643,-0.031571819780693,False,False,0.0883623205455077,63.69684371948242,61.522890167236326,55.52215324401856,False,True,True,True,정배열 · 20일선 아래/50일선 위/200일선 위,35015200,20.0,33892325.0,33892325.0,1.0331306571620569,3.0,2.0,14.0,46.2558310575878,46.2558310575878,20.0,0.207540772213966,0.207540772213966,False,True,2026-09-28,2026-09-29T05:46:01+09:00,62.1,62.04,62.04,3.64,0.0265691755053467,정상 범위,상대 모멘텀 약화 · 주간 예상 범위 안,약화,"XLE는 최근 20거래일 안에 강한 주도 조건을 보였지만, 현재 RS 비율이 20일선 아래로 내려갔기 때문에 모멘텀 약화로 판정됐습니다.",2026-09-29T02:41:37+00:00
2026-09-28,QQQ,XLF,금융,yfinance (Yahoo Finance),10.0,11.0,54.18999862670898,-0.0305903909211572,-0.0639967982822262,-0.0222619847659457,-0.0066623620664846,0.029127039919166,0.0346583258203125,-0.0239280288546726,-0.0931238382013923,-0.0569203105862583,0.0735747307933136,-0.0240885152650119,-0.0904881852183252,False,False,0.0780483076706666,56.26206283569336,56.82655494689941,53.32953302383423,False,False,True,False,정배열 아님 · 20일선 아래/50일선 아래/200일선 위,39796600,20.0,35063900.0,35063900.0,1.1349735768126192,2.0,3.0,14.0,30.602452438831666,30.602452438831666,20.0,0.1377671703321146,0.1377671703321146,False,True,2026-09-28,2026-09-29T05:46:01+09:00,54.19,54.84,54.84,1.91,-0.6205582350941966,정상 범위,중기 약세 · 단기 위치는 예상 범위 안,약세,"XLF는 QQQ 대비 20일 상대수익률이 -9.3%, 60일 상대수익률이 -5.7%이고, 현재 가격 54.19가 20일선(56.26)과 50일선(56.83) 아래라 약세로 판정됐습니다.",2026-09-29T02:41:37+00:00
2026-09-28,QQQ,XLI,산업재,yfinance (Yahoo Finance),8.0,11.0,168.77999877929688,-0.007059636300766,-0.0446335398469329,-0.0798020368672641,-0.0066623620664846,0.029127039919166,0.0346583258203125,-0.0003972742342813,-0.073760579766099,-0.1144603626875767,0.2291556244358725,-0.0003999387711793,-0.0716729586387047,False,False,0.2370025330978424,170.88956527709962,177.2766876220703,171.20821228027344,False,False,False,False,정배열 아님 · 20일선 아래/50일선 아래/200일선 아래,7745800,20.0,7726500.0,7726500.0,1.0024978968485083,3.0,2.0,14.0,37.046091107218,37.046091107218,20.0,0.1302154774308611,0.1302154774308611,False,True,2026-09-28,2026-09-29T05:46:01+09:00,168.78,170.43,170.43,2.19,-0.4420727909019827,정상 범위,중기 약세 · 단기 위치는 예상 범위 안,약세,"XLI는 QQQ 대비 20일 상대수익률이 -7.4%, 60일 상대수익률이 -11.4%이고, 현재 가격 168.78가 20일선(170.89)과 50일선(177.28) 아래라 약세로 판정됐습니다.",2026-09-29T02:41:37+00:00
2026-09-28,QQQ,XLV,헬스케어,yfinance (Yahoo Finance),3.0,11.0,171.25999450683594,0.0133128221592184,0.004413579782889,0.0499293121307455,-0.0066623620664846,0.029127039919166,0.0346583258203125,0.0199751842257031,-0.024713460136277,0.0152709863104329,0.2325227590113718,0.0201091587219612,-0.0240140033034389,False,False,0.2340386996243387,168.7746681213379,167.34617950439454,155.1717202758789,True,True,True,True,정배열 · 20일선 위/50일선 위/200일선 위,6036800,20.0,7641455.0,7641455.0,0.7900066152323085,4.0,1.0,14.0,59.318653085785655,59.318653085785655,20.0,0.1341612879164265,0.1341612879164265,False,True,2026-09-28,2026-09-29T05:46:01+09:00,171.26,170.7,170.7,2.31,0.1420177167101601,정상 범위,상대강도 개선 · 주간 기준가 위,개선 중,"XLV는 QQQ 대비 20일 상대수익률이 아직 -2.5%이지만, 5일 상대수익률이 +2.0%로 중기 값보다 빠르게 개선돼 개선 중으로 판정됐습니다.",2026-09-29T02:41:37+00:00
2026-09-28,QQQ,XLY,경기소비재,yfinance (Yahoo Finance),11.0,11.0,109.0,-0.028780212601981,-0.0679970177152904,-0.067280860735201,-0.0066623620664846,0.029127039919166,0.0346583258203125,-0.0221178505354964,-0.0971240576344565,-0.1019391865555136,0.1479912504097848,-0.0222661959950586,-0.0943751877728187,False,False,0.1558075573317259,112.33582572937011,114.47177642822264,116.113309173584,False,False,False,False,정배열 아님 · 20일선 아래/50일선 아래/200일선 아래,6429400,20.0,6278925.0,6278925.0,1.0239650895654908,0.0,5.0,14.0,35.007098112451914,35.007098112451914,20.0,0.1581582289705083,0.1581582289705083,False,True,2026-09-28,2026-09-29T05:46:01+09:00,109.0,110.56,110.56,2.58,-0.5468986638844958,정상 범위,중기 약세 · 단기 위치는 예상 범위 안,약세,"XLY는 QQQ 대비 20일 상대수익률이 -9.7%, 60일 상대수익률이 -10.2%이고, 현재 가격 109.00가 20일선(112.34)과 50일선(114.47) 아래라 약세로 판정됐습니다.",2026-09-29T02:41:37+00:00
2026-09-29,QQQ,CIBR,사이버보안,yfinance (Yahoo Finance),2.0,11.0,101.97000122070312,-0.0058693922981017,0.0182021351950965,0.0975453270604782,-0.0127498849660532,0.0306084507157511,0.0219679779712462,0.0068804926679514,-0.0124063155206546,0.0755773490892319,0.1381838416012248,0.0069693510926711,-0.0120378554164179,False,False,0.1368156542743989,98.8494873046875,96.5249508666992,79.39227788925172,True,True,True,True,정배열 · 20일선 위/50일선 위/200일선 위,1786300,20.0,1690300.0,1690300.0,1.056794651836952,3.0,2.0,14.0,57.46406366209326,57.46406366209326,20.0,0.3428640719692449,0.3428640719692449,False,True,2026-09-29,2026-09-30T05:44:23+09:00,101.97,101.67,100.95,4.57,0.2210943520147213,정상 범위,상대강도 개선 · 주간 기준가 위,개선 중,"CIBR는 QQQ 대비 20일 상대수익률이 아직 -1.2%이지만, 5일 상대수익률이 +0.7%로 중기 값보다 빠르게 개선돼 개선 중으로 판정됐습니다.",2026-09-30T02:19:02+00:00
2026-09-29,QQQ,IGV,소프트웨어,yfinance (Yahoo Finance),8.0,11.0,105.22000122070312,-0.0143325412580503,-0.0432806145748346,0.1100327060284611,-0.0127498849660532,0.0306084507157511,0.0219679779712462,-0.0015826562919971,-0.0738890652905858,0.0880647280572148,0.1425880534265434,-0.0016030955761829,-0.0716946045215041,False,False,0.1454676574752224,105.06999969482422,101.88019989013672,93.59903003692628,True,True,True,True,정배열 · 20일선 위/50일선 위/200일선 위,7124100,20.0,8982735.0,8982735.0,0.7930880739552041,2.0,3.0,14.0,51.67536414261999,51.67536414261999,20.0,0.3242183371814417,0.3242183371814417,False,True,2026-09-29,2026-09-30T05:44:23+09:00,105.22,105.43,106.01,4.15,-0.1795693291039845,정상 범위,상대 모멘텀 약화 · 주간 기준가 아래,약화,"IGV는 최근 20거래일 안에 강한 주도 조건을 보였지만, 현재 RS 비율이 20일선 아래로 내려갔기 때문에 모멘텀 약화로 판정됐습니다.",2026-09-30T02:19:02+00:00
2026-09-29,QQQ,IWM,중소형주,yfinance (Yahoo Finance),9.0,11.0,279.010009765625,-0.0285504750301685,-0.0482811056952817,-0.0641059671254757,-0.0127498849660532,0.0306084507157511,0.0219679779712462,-0.0158005900641152,-0.0788895564110329,-0.086073945096722,0.3780982105821677,-0.0160046474783869,-0.0765465840652137,False,False,0.3971225811199274,286.7355270385742,292.85429931640624,274.7134396362305,False,False,True,False,정배열 아님 · 20일선 아래/50일선 아래/200일선 위,21460700,20.0,23160675.0,23160675.0,0.9266008007106874,1.0,4.0,14.0,31.488364778213352,31.488364778213352,20.0,0.1204200811249272,0.1204200811249272,False,False,,,,,,,,,,약세,"IWM는 QQQ 대비 20일 상대수익률이 -7.9%, 60일 상대수익률이 -8.6%이고, 현재 가격 279.01가 20일선(286.74)과 50일선(292.85) 아래라 약세로 판정됐습니다.",2026-09-30T02:19:02+00:00
2026-09-29,QQQ,SKYY,클라우드,yfinance (Yahoo Finance),5.0,11.0,162.75,-0.0277196929719051,-0.0156646691378756,0.1831201140482468,-0.0127498849660532,0.0306084507157511,0.0219679779712462,-0.0149698080058519,-0.0462731198536268,0.1611521360770005,0.2205493767909583,-0.0151631362487481,-0.0448988360433979,False,False,0.2250753754485403,162.58649978637695,156.7643994140625,132.2469500350952,True,True,True,True,정배열 · 20일선 위/50일선 위/200일선 위,199300,20.0,217835.0,217835.0,0.914912663254298,1.0,4.0,14.0,52.02737650101424,52.02737650101424,20.0,0.2680611899570234,0.2680611899570234,False,False,,,,,,,,,,개선 중,"SKYY는 QQQ 대비 20일 상대수익률이 아직 -4.6%이지만, 5일 상대수익률이 -1.5%로 중기 값보다 빠르게 개선돼 개선 중으로 판정됐습니다.",2026-09-30T02:19:02+00:00
2026-09-29,QQQ,SMH,반도체,yfinance (Yahoo Finance),1.0,11.0,606.9000244140625,-0.0009218673465543,0.0903113721687234,0.0043025594466576,-0.0127498849660532,0.0306084507157511,0.0219679779712462,0.0118280176194989,0.0597029214529722,-0.0176654185245885,0.8224357736340331,0.0119807710724777,0.0579297806179532,True,False,0.7937779185712579,573.6904998779297,567.7216009521485,495.5624017333984,True,True,True,True,정배열 · 20일선 위/50일선 위/200일선 위,5651000,20.0,6479365.0,6479365.0,0.8721533668808594,2.0,3.0,14.0,61.765224166335656,61.765224166335656,20.0,0.3203466773454313,0.3203466773454313,True,False,,,,,,,,,,중립,"SMH의 QQQ 대비 상대수익률은 5일 +1.2%, 20일 +6.0%, 60일 -1.8%이며, 현재는 다른 명시적 조건을 충족하지 않아 중립으로 판정됐습니다.",2026-09-30T02:19:02+00:00
2026-09-29,QQQ,XLC,커뮤니케이션 서비스,yfinance (Yahoo Finance),4.0,11.0,111.47000122070312,-0.0181449623953435,0.0033857565553063,0.0147661552551108,-0.0127498849660532,0.0306084507157511,0.0219679779712462,-0.0053950774292903,-0.0272226941604447,-0.0072018227161354,0.1510576915521563,-0.0054647523936777,-0.0264141965278266,False,False,0.1555012163463646,112.30312957763672,111.03914321899414,113.1907239151001,False,True,False,False,정배열 아님 · 20일선 아래/50일선 위/200일선 아래,11079300,20.0,5486525.0,5486525.0,2.0193656276058163,2.0,3.0,14.0,48.13362587858555,48.13362587858555,20.0,0.221359352171622,0.221359352171622,False,True,2026-09-29,2026-09-30T05:44:23+09:00,111.47,111.18,112.96,2.19,-0.6023063888134301,정상 범위,상대 모멘텀 약화 · 주간 기준가 아래,약화,"XLC는 최근 20거래일 안에 강한 주도 조건을 보였지만, 현재 RS 비율이 20일선 아래로 내려갔기 때문에 모멘텀 약화로 판정됐습니다.",2026-09-30T02:19:02+00:00
2026-09-29,QQQ,XLE,에너지,yfinance (Yahoo Finance),7.0,11.0,61.540000915527344,-0.0038847178457691,-0.0321169916083586,0.1651759322744652,-0.0127498849660532,0.0306084507157511,0.0219679779712462,0.008865167120284,-0.0627254423241098,0.1432079543032189,0.0833954460807039,0.0089796567103759,-0.0608625344383189,False,False,0.0880920907657784,63.59474048614502,61.6017374420166,55.605354137420655,False,False,True,True,정배열 · 20일선 아래/50일선 아래/200일선 위,30944100,20.0,34089470.0,34089470.0,0.9077319183900484,3.0,2.0,14.0,43.24542669593036,43.24542669593036,20.0,0.1948794165785314,0.1948794165785314,False,True,2026-09-29,2026-09-30T05:44:23+09:00,61.54,62.1,62.04,3.64,-0.2214097958778809,정상 범위,상대 모멘텀 약화 · 주간 기준가 아래,약화,"XLE는 최근 20거래일 안에 강한 주도 조건을 보였지만, 현재 RS 비율이 20일선 아래로 내려갔기 때문에 모멘텀 약화로 판정됐습니다.",2026-09-30T02:19:02+00:00
2026-09-29,QQQ,XLF,금융,yfinance (Yahoo Finance),10.0,11.0,54.0099983215332,-0.0144160753015681,-0.0608014194648522,-0.0345360198728075,-0.0127498849660532,0.0306084507157511,0.0219679779712462,-0.0016661903355149,-0.0914098701806034,-0.0565039978440538,0.0731912225517349,-0.0016877084237743,-0.0886950520511642,False,False,0.0776921316557922,56.08723907470703,56.78990760803222,53.3343159866333,False,False,True,False,정배열 아님 · 20일선 아래/50일선 아래/200일선 위,53073400,20.0,36458065.0,36458065.0,1.4557382570907151,2.0,3.0,14.0,29.525903073199103,29.525903073199103,20.0,0.1371663598605514,0.1371663598605514,False,True,2026-09-29,2026-09-30T05:44:23+09:00,54.01,54.19,54.84,1.91,-0.7924051309664338,정상 범위,중기 약세 · 단기 위치는 예상 범위 안,약세,"XLF는 QQQ 대비 20일 상대수익률이 -9.1%, 60일 상대수익률이 -5.7%이고, 현재 가격 54.01가 20일선(56.09)과 50일선(56.79) 아래라 약세로 판정됐습니다.",2026-09-30T02:19:02+00:00
2026-09-29,QQQ,XLI,산업재,yfinance (Yahoo Finance),6.0,11.0,169.1300048828125,-0.006695244970008,-0.031664720812094,-0.086093112748865,-0.0127498849660532,0.0306084507157511,0.0219679779712462,0.0060546399960451,-0.0622731715278451,-0.1080610907201112,0.2291951900064887,0.0061328329101657,-0.0604236958125046,False,False,0.2362655615298644,170.61303634643554,177.10643646240234,171.28238075256348,False,False,False,False,정배열 아님 · 20일선 아래/50일선 아래/200일선 아래,6599900,20.0,7692240.0,7692240.0,0.8579945503520431,4.0,1.0,14.0,38.46851586970439,38.46851586970439,20.0,0.12643740164487,0.12643740164487,False,True,2026-09-29,2026-09-30T05:44:23+09:00,169.13,168.78,170.43,2.19,-0.3482997746500488,정상 범위,중기 약세 · 단기 위치는 예상 범위 안,약세,"XLI는 QQQ 대비 20일 상대수익률이 -6.2%, 60일 상대수익률이 -10.8%이고, 현재 가격 169.13가 20일선(170.61)과 50일선(177.11) 아래라 약세로 판정됐습니다.",2026-09-30T02:19:02+00:00
2026-09-29,QQQ,XLV,헬스케어,yfinance (Yahoo Finance),3.0,11.0,170.72999572753906,0.0049443542345541,0.0049455276130605,0.0581834589526661,-0.0127498849660532,0.0306084507157511,0.0219679779712462,0.0176942392006074,-0.0256629231026905,0.0362154809814199,0.2313634049599491,0.0179227522298126,-0.0249007497317413,False,False,0.2337432875294978,168.81667785644532,167.58792236328125,155.27717208862305,True,True,True,True,정배열 · 20일선 위/50일선 위/200일선 위,8979600,20.0,7726390.0,7726390.0,1.1621986464571423,4.0,1.0,14.0,57.19235496768476,57.19235496768476,20.0,0.1339719891089367,0.1339719891089367,False,True,2026-09-29,2026-09-30T05:44:23+09:00,170.73,171.26,170.7,2.31,0.0076080919666159,정상 범위,상대강도 개선 · 주간 기준가 위,개선 중,"XLV는 QQQ 대비 20일 상대수익률이 아직 -2.6%이지만, 5일 상대수익률이 +1.8%로 중기 값보다 빠르게 개선돼 개선 중으로 판정됐습니다.",2026-09-30T02:19:02+00:00
2026-09-29,QQQ,XLY,경기소비재,yfinance (Yahoo Finance),11.0,11.0,109.1500015258789,-0.0283094476394518,-0.0617514272760916,-0.0730413057303071,-0.0127498849660532,0.0306084507157511,0.0219679779712462,-0.0155595626733986,-0.0923598779918427,-0.0950092837015533,0.1479137622934853,-0.015760507328848,-0.0896168452021709,False,False,0.1550795361315934,111.97663688659668,114.3676138305664,116.06538379669188,False,False,False,False,정배열 아님 · 20일선 아래/50일선 아래/200일선 아래,7693300,20.0,6418945.0,6418945.0,1.1985302880769348,0.0,5.0,14.0,35.76796646773032,35.76796646773032,20.0,0.158907826612423,0.158907826612423,False,True,2026-09-29,2026-09-30T05:44:23+09:00,109.15,109.0,110.56,2.58,-0.4943122538956001,정상 범위,중기 약세 · 단기 위치는 예상 범위 안,약세,"XLY는 QQQ 대비 20일 상대수익률이 -9.2%, 60일 상대수익률이 -9.5%이고, 현재 가격 109.15가 20일선(111.98)과 50일선(114.37) 아래라 약세로 판정됐습니다.",2026-09-30T02:19:02+00:00
2026-09-30,QQQ,CIBR,사이버보안,yfinance (Yahoo Finance),2.0,11.0,103.08999633789062,-0.0088167855329426,0.0716525539938019,0.1180237965215376,-0.0019427724918962,0.0464938194537081,0.0438533409374843,-0.0068740130410464,0.0251587345400938,0.0741704555840532,0.1393541149494175,-0.0068873936800286,0.0240409776650447,False,False,0.1369792321603478,99.1941261291504,96.77520309448242,79.53095849990845,True,True,True,True,정배열 · 20일선 위/50일선 위/200일선 위,2126000,20.0,1677465.0,1677465.0,1.2673885893297328,3.0,2.0,14.0,59.77654556076957,59.77654556076957,20.0,0.3087675874380063,0.3087675874380063,True,True,2026-09-30,2026-10-01T05:43:53+09:00,103.09,101.97,100.95,4.57,0.463864620893633,정상 범위,상대강도 중립 · 주간 예상 범위 안,중립,"CIBR의 QQQ 대비 상대수익률은 5일 -0.7%, 20일 +2.5%, 60일 +7.4%이며, 현재는 다른 명시적 조건을 충족하지 않아 중립으로 판정됐습니다.",2026-10-01T02:19:35+00:00
2026-09-30,QQQ,IGV,소프트웨어,yfinance (Yahoo Finance),5.0,11.0,106.4800033569336,-0.0149860790014286,0.0028254195789749,0.1312015984688364,-0.0019427724918962,0.0464938194537081,0.0438533409374843,-0.0130433065095324,-0.0436683998747331,0.087348257531352,0.1439366296898648,-0.0130686960126509,-0.0417282921914712,False,False,0.145154268814584,105.0849998474121,102.17339996337893,93.58263294219972,True,True,True,True,정배열 · 20일선 위/50일선 위/200일선 위,7985600,20.0,8743220.0,8743220.0,0.9133477140001052,2.0,3.0,14.0,54.75158486526105,54.75158486526105,20.0,0.3037027148962544,0.3037027148962544,False,True,2026-09-30,2026-10-01T05:43:53+09:00,106.48,105.22,106.01,4.15,0.106832385669458,정상 범위,상대강도 개선 · 주간 기준가 위,개선 중,"IGV는 QQQ 대비 20일 상대수익률이 아직 -4.4%이지만, 5일 상대수익률이 -1.3%로 중기 값보다 빠르게 개선돼 개선 중으로 판정됐습니다.",2026-10-01T02:19:35+00:00
2026-09-30,QQQ,IWM,중소형주,yfinance (Yahoo Finance),8.0,11.0,277.8900146484375,-0.0142948304034821,-0.0411405351075833,-0.0593341859954127,-0.0019427724918962,0.0464938194537081,0.0438533409374843,-0.0123520579115858,-0.0876343545612914,-0.1031875269328971,0.375643791058903,-0.01237610186184,-0.0837409193749834,False,False,0.3954059947806511,286.1393737792969,292.4967486572266,274.82685523986817,False,False,True,False,정배열 아님 · 20일선 아래/50일선 아래/200일선 위,21071700,20.0,23076175.0,23076175.0,0.9131366008448109,1.0,4.0,14.0,30.064111788015268,30.064111788015268,20.0,0.1158702038141161,0.1158702038141161,False,False,,,,,,,,,,약세,"IWM는 QQQ 대비 20일 상대수익률이 -8.8%, 60일 상대수익률이 -10.3%이고, 현재 가격 277.89가 20일선(286.14)과 50일선(292.50) 아래라 약세로 판정됐습니다.",2026-10-01T02:19:35+00:00
2026-09-30,QQQ,SKYY,클라우드,yfinance (Yahoo Finance),3.0,11.0,163.99000549316406,-0.0211888977869654,0.020345969684075,0.1796993883421793,-0.0019427724918962,0.0464938194537081,0.0438533409374843,-0.0192461252950691,-0.026147849769633,0.1358460474046949,0.2216770092914486,-0.0192835889211704,-0.0249861483016525,False,False,0.2247913356567171,162.75,157.32379943847656,132.3948000717163,True,True,True,True,정배열 · 20일선 위/50일선 위/200일선 위,118200,20.0,212510.0,212510.0,0.5562091195708437,1.0,4.0,14.0,54.230265709519415,54.230265709519415,20.0,0.2490988948213594,0.2490988948213594,False,False,,,,,,,,,,개선 중,"SKYY는 QQQ 대비 20일 상대수익률이 아직 -2.6%이지만, 5일 상대수익률이 -1.9%로 중기 값보다 빠르게 개선돼 개선 중으로 판정됐습니다.",2026-10-01T02:19:35+00:00
2026-09-30,QQQ,SMH,반도체,yfinance (Yahoo Finance),1.0,11.0,609.0,0.0126203874135699,0.1169803615495286,0.0473815241458095,-0.0019427724918962,0.0464938194537081,0.0438533409374843,0.0145631599054661,0.0704865420958205,0.0035281832083251,0.8232288196619383,0.0145915078856015,0.0673549530685388,True,False,0.7963753927457857,576.8795013427734,568.2200006103516,496.7587040710449,True,True,True,True,정배열 · 20일선 위/50일선 위/200일선 위,4411700,20.0,6391220.0,6391220.0,0.6902750961475274,3.0,2.0,14.0,62.41631201436952,62.41631201436952,20.0,0.3065127706554322,0.3065127706554322,True,False,,,,,,,,,,강한 주도,"SMH는 QQQ 대비 20일 상대수익률이 +7.0%, 60일 상대수익률이 +0.4%이고, RS 비율이 20일 신고가이며 가격이 20일선과 50일선 위라 강한 주도로 판정됐습니다.",2026-10-01T02:19:35+00:00
2026-09-30,QQQ,XLC,커뮤니케이션 서비스,yfinance (Yahoo Finance),4.0,11.0,110.97000122070312,-0.0141257673452146,0.0041101729022952,0.0028439419926291,-0.0019427724918962,0.0464938194537081,0.0438533409374843,-0.0121829948533184,-0.0423836465514129,-0.0410093989448552,0.1500060806614175,-0.0122067097131658,-0.0405006181245658,False,False,0.1551846273467263,112.3258415222168,111.06517211914064,113.16866771697998,False,False,False,False,정배열 아님 · 20일선 아래/50일선 아래/200일선 아래,10342800,20.0,5746065.0,5746065.0,1.7999796382393864,2.0,3.0,14.0,46.694599233331,46.694599233331,20.0,0.2211387854788575,0.2211387854788575,False,True,2026-09-30,2026-10-01T05:43:53+09:00,110.97,111.47,112.96,2.19,-0.8044226266702865,정상 범위,상대 모멘텀 약화 · 주간 기준가 아래,약화,"XLC는 최근 20거래일 안에 강한 주도 조건을 보였지만, 현재 RS 비율이 20일선 아래로 내려갔기 때문에 모멘텀 약화로 판정됐습니다.",2026-10-01T02:19:35+00:00
2026-09-30,QQQ,XLE,에너지,yfinance (Yahoo Finance),9.0,11.0,61.5,-0.0139489970624322,-0.044842333591528,0.1322393966785802,-0.0019427724918962,0.0464938194537081,0.0438533409374843,-0.012006224570536,-0.0913361530452361,0.0883860557410958,0.083133944842708,-0.0120295953374464,-0.0872782536765631,False,False,0.0876946100682743,63.45037670135498,61.66865089416504,55.68942462921142,False,False,True,True,정배열 · 20일선 아래/50일선 아래/200일선 위,24870000,20.0,33669175.0,33669175.0,0.7386578376215039,2.0,3.0,14.0,43.030000664721605,43.030000664721605,20.0,0.1875854727644233,0.1875854727644233,False,True,2026-09-30,2026-10-01T05:43:53+09:00,61.5,61.54,62.04,3.64,-0.239122579548111,정상 범위,상대 모멘텀 약화 · 주간 기준가 아래,약화,"XLE는 최근 20거래일 안에 강한 주도 조건을 보였지만, 현재 RS 비율이 20일선 아래로 내려갔기 때문에 모멘텀 약화로 판정됐습니다.",2026-10-01T02:19:35+00:00
2026-09-30,QQQ,XLF,금융,yfinance (Yahoo Finance),11.0,11.0,53.400001525878906,-0.0209020786672535,-0.0631295277476088,-0.0439073492729804,-0.0019427724918962,0.0464938194537081,0.0438533409374843,-0.0189593061753573,-0.1096233472013169,-0.0877606902104648,0.0721845980724055,-0.0189962114924951,-0.1047529810147781,False,False,0.0772698151514598,55.90732536315918,56.73966529846192,53.33122501373291,False,False,True,False,정배열 아님 · 20일선 아래/50일선 아래/200일선 위,55804700,20.0,37629325.0,37629325.0,1.4830109229968913,1.0,4.0,14.0,26.16649804266612,26.16649804266612,20.0,0.1387978608967146,0.1387978608967146,False,True,2026-09-30,2026-10-01T05:43:53+09:00,53.4,54.01,54.84,1.91,-1.3747751669779051,하단 이탈,중기·단기 약세 동행,약세,"XLF는 QQQ 대비 20일 상대수익률이 -11.0%, 60일 상대수익률이 -8.8%이고, 현재 가격 53.40가 20일선(55.91)과 50일선(56.74) 아래라 약세로 판정됐습니다.",2026-10-01T02:19:35+00:00
2026-09-30,QQQ,XLI,산업재,yfinance (Yahoo Finance),7.0,11.0,166.97999572753906,-0.0183422120166054,-0.0306908311308077,-0.0819784171997995,-0.0019427724918962,0.0464938194537081,0.0438533409374843,-0.0163994395247092,-0.0771846505845158,-0.1258317581372839,0.225718792758518,-0.016431361922657,-0.0737554767641226,False,False,0.2353668789057358,170.34868545532223,176.8824139404297,171.33754470825195,False,False,False,False,정배열 아님 · 20일선 아래/50일선 아래/200일선 아래,7542800,20.0,7612435.0,7612435.0,0.9908524670489798,3.0,2.0,14.0,33.466287594110725,33.466287594110725,20.0,0.1252187053648893,0.1252187053648893,False,True,2026-09-30,2026-10-01T05:43:53+09:00,166.98,169.13,170.43,2.19,-0.9243340173405108,정상 범위,중기 약세 · 단기 위치는 예상 범위 안,약세,"XLI는 QQQ 대비 20일 상대수익률이 -7.7%, 60일 상대수익률이 -12.6%이고, 현재 가격 166.98가 20일선(170.35)과 50일선(176.88) 아래라 약세로 판정됐습니다.",2026-10-01T02:19:35+00:00
2026-09-30,QQQ,XLV,헬스케어,yfinance (Yahoo Finance),6.0,11.0,168.4199981689453,-0.0022512137200375,-0.015177014459381,0.0281231146349458,-0.0019427724918962,0.0464938194537081,0.0438533409374843,-0.0003084412281413,-0.0616708339130891,-0.0157302263025385,0.2276653469623754,-0.0003090416257106,-0.0589309107867284,False,False,0.2330304532432136,168.6869026184082,167.76354156494142,155.36399307250977,False,True,True,True,정배열 · 20일선 아래/50일선 위/200일선 위,12122500,20.0,7941455.0,7941455.0,1.5264834970417889,3.0,2.0,14.0,48.95559321705293,48.95559321705293,20.0,0.1402671575798405,0.1402671575798405,False,True,2026-09-30,2026-10-01T05:43:53+09:00,168.42,170.73,170.7,2.31,-0.5782149894627929,정상 범위,상대강도 개선 · 아직 주간 기준가 아래,개선 중,"XLV는 QQQ 대비 20일 상대수익률이 아직 -6.2%이지만, 5일 상대수익률이 -0.0%로 중기 값보다 빠르게 개선돼 개선 중으로 판정됐습니다.",2026-10-01T02:19:35+00:00
2026-09-30,QQQ,XLY,경기소비재,yfinance (Yahoo Finance),10.0,11.0,108.83999633789062,-0.0163579318845734,-0.048086972483896,-0.070792109389289,-0.0019427724918962,0.0464938194537081,0.0438533409374843,-0.0144151593926772,-0.0945807919376041,-0.1146454503267734,0.1471268008493454,-0.0144432192817923,-0.0903787391567945,False,False,0.1543486201268042,111.70172805786132,114.25206253051758,116.01357776641844,False,False,False,False,정배열 아님 · 20일선 아래/50일선 아래/200일선 아래,5635000,20.0,6406530.0,6406530.0,0.8795713123953216,0.0,5.0,14.0,34.85967568414502,34.85967568414502,20.0,0.1500333326350131,0.1500333326350131,False,True,2026-09-30,2026-10-01T05:43:53+09:00,108.84,109.15,110.56,2.58,-0.6029908345393147,정상 범위,중기 약세 · 단기 위치는 예상 범위 안,약세,"XLY는 QQQ 대비 20일 상대수익률이 -9.5%, 60일 상대수익률이 -11.5%이고, 현재 가격 108.84가 20일선(111.70)과 50일선(114.25) 아래라 약세로 판정됐습니다.",2026-10-01T02:19:35+00:00
2026-10-01,QQQ,CIBR,사이버보안,yfinance (Yahoo Finance),2.0,11.0,103.77999877929688,0.0057175726711087,0.1095038947821152,0.1322604427124236,0.0012549638936394,0.0473228503013243,0.0440841284427306,0.0044626087774692,0.0621810444807908,0.0881763142696929,0.1398595672437079,0.0044570153840888,0.0593714196753185,False,False,0.1373711466913713,99.70626106262208,97.0642546081543,79.6813770866394,True,True,True,True,정배열 · 20일선 위/50일선 위/200일선 위,2188400,20.0,1658110.0,1658110.0,1.319815935010343,4.0,1.0,14.0,61.17688073734499,61.17688073734499,20.0,0.2858149555270184,0.2858149555270184,True,True,2026-10-01,2026-10-02T05:43:51+09:00,103.78,103.09,100.95,4.57,0.6134284472565329,정상 범위,상대강도 중립 · 주간 예상 범위 안,중립,"CIBR의 QQQ 대비 상대수익률은 5일 +0.4%, 20일 +6.2%, 60일 +8.8%이며, 현재는 다른 명시적 조건을 충족하지 않아 중립으로 판정됐습니다.",2026-10-02T02:31:15+00:00
2026-10-01,QQQ,IGV,소프트웨어,yfinance (Yahoo Finance),4.0,11.0,108.2300033569336,0.0100793449899656,0.0465094302180388,0.1703070872436247,0.0012549638936394,0.0473228503013243,0.0440841284427306,0.0088243810963262,-0.0008134200832854,0.126222958800894,0.1458566352893952,0.0088133206970681,-0.0007766660328774,False,False,0.1451486003173398,105.32550010681152,102.55760009765623,93.58403415679932,True,True,True,True,정배열 · 20일선 위/50일선 위/200일선 위,10449500,20.0,8652145.0,8652145.0,1.2077351916779018,3.0,2.0,14.0,58.685316960106846,58.685316960106846,20.0,0.2920800083820951,0.2920800083820951,False,True,2026-10-01,2026-10-02T05:43:51+09:00,108.23,106.48,106.01,4.15,0.5046125450770155,정상 범위,상대강도 개선 · 주간 기준가 위,개선 중,"IGV는 QQQ 대비 20일 상대수익률이 아직 -0.1%이지만, 5일 상대수익률이 +0.9%로 중기 값보다 빠르게 개선돼 개선 중으로 판정됐습니다.",2026-10-02T02:31:15+00:00
2026-10-01,QQQ,IWM,중소형주,yfinance (Yahoo Finance),9.0,11.0,279.0199890136719,-0.0093730547969621,-0.0485060760079354,-0.0467878380708658,0.0012549638936394,0.0473228503013243,0.0440841284427306,-0.0106280186906015,-0.0958289263092597,-0.0908719665135965,0.3760225031297758,-0.0106146976283362,-0.0914989358646085,False,False,0.393512454956883,285.4281677246093,292.21665466308593,274.9654700469971,False,False,True,False,정배열 아님 · 20일선 아래/50일선 아래/200일선 위,33934900,20.0,23655765.0,23655765.0,1.4345298070047618,2.0,3.0,14.0,33.340074596990306,33.340074596990306,20.0,0.1063900113985185,0.1063900113985185,False,False,,,,,,,,,,약세,"IWM는 QQQ 대비 20일 상대수익률이 -9.6%, 60일 상대수익률이 -9.1%이고, 현재 가격 279.02가 20일선(285.43)과 50일선(292.22) 아래라 약세로 판정됐습니다.",2026-10-02T02:31:15+00:00
2026-10-01,QQQ,SKYY,클라우드,yfinance (Yahoo Finance),3.0,11.0,166.9600067138672,0.0002995809158272,0.048019642662161,0.2024486811285766,0.0012549638936394,0.0473228503013243,0.0440841284427306,-0.0009553829778121,0.0006967923608367,0.1583645526858459,0.22500438004116,-0.0009541855094501,0.0006653080858842,False,False,0.2247988155419589,163.13250045776368,157.99919952392577,132.5713000869751,True,True,True,True,정배열 · 20일선 위/50일선 위/200일선 위,168400,20.0,203945.0,203945.0,0.8257128147294613,2.0,3.0,14.0,59.07735064955567,59.07735064955567,20.0,0.2531788186028054,0.2531788186028054,True,False,,,,,,,,,,중립,"SKYY의 QQQ 대비 상대수익률은 5일 -0.1%, 20일 +0.1%, 60일 +15.8%이며, 현재는 다른 명시적 조건을 충족하지 않아 중립으로 판정됐습니다.",2026-10-02T02:31:15+00:00
2026-10-01,QQQ,SMH,반도체,yfinance (Yahoo Finance),1.0,11.0,617.8099975585938,0.028791676322198,0.1223114726761003,0.0418381071814397,0.0012549638936394,0.0473228503013243,0.0440841284427306,0.0275367124285585,0.0749886223747759,-0.0022460212612909,0.8325943333371719,0.0275021981628684,0.0716002924534695,True,False,0.7991569335022536,580.2460021972656,568.8380010986328,498.0826463317871,True,True,True,True,정배열 · 20일선 위/50일선 위/200일선 위,5105000,20.0,6390710.0,6390710.0,0.7988157810321544,4.0,1.0,14.0,65.10126653108019,65.10126653108019,20.0,0.3078052457424535,0.3078052457424535,True,False,,,,,,,,,,중립,"SMH의 QQQ 대비 상대수익률은 5일 +2.8%, 20일 +7.5%, 60일 -0.2%이며, 현재는 다른 명시적 조건을 충족하지 않아 중립으로 판정됐습니다.",2026-10-02T02:31:15+00:00
2026-10-01,QQQ,XLC,커뮤니케이션 서비스,yfinance (Yahoo Finance),5.0,11.0,109.94000244140624,-0.0355293929139596,-0.0188370302130292,0.0076953781577246,0.0012549638936394,0.0473228503013243,0.0440841284427306,-0.036784356807599,-0.0661598805143536,-0.0363887502850059,0.1481611230014262,-0.0367382516282902,-0.0631704736465158,False,False,0.1546851016564745,112.22030639648438,111.08714645385744,113.1427453994751,False,False,False,False,정배열 아님 · 20일선 아래/50일선 아래/200일선 아래,6655800,20.0,5822700.0,5822700.0,1.1430779535267144,1.0,4.0,14.0,43.7902485466555,43.7902485466555,20.0,0.217514567459718,0.217514567459718,False,True,2026-10-01,2026-10-02T05:43:51+09:00,109.94,110.97,112.96,2.19,-1.2207820766554112,하단 이탈,상대 모멘텀 약화 · 주간 기준가 아래,약화,"XLC는 최근 20거래일 안에 강한 주도 조건을 보였지만, 현재 RS 비율이 20일선 아래로 내려갔고, 최근 5거래일 중 4일 QQQ를 언더퍼폼했기 때문에 모멘텀 약화로 판정됐습니다.",2026-10-02T02:31:15+00:00
2026-10-01,QQQ,XLE,에너지,yfinance (Yahoo Finance),7.0,11.0,62.70000076293945,0.001597480690989,-0.0311414807751797,0.1344009924162206,0.0012549638936394,0.0473228503013243,0.0440841284427306,0.0003425167973496,-0.078464331076504,0.0903168639734899,0.0844979290425106,0.0003420874899011,-0.0749189526934596,False,False,0.0873524510559876,63.34961013793945,61.7456470489502,55.78168277740478,False,True,True,True,정배열 · 20일선 아래/50일선 위/200일선 위,41681200,20.0,34383570.0,34383570.0,1.212241777104588,2.0,3.0,14.0,50.92754469711642,50.92754469711642,20.0,0.2015107583046128,0.2015107583046128,False,True,2026-10-01,2026-10-02T05:43:51+09:00,62.7,61.5,62.04,3.64,0.2922609305588045,정상 범위,상대 모멘텀 약화 · 주간 예상 범위 안,약화,"XLE는 최근 20거래일 안에 강한 주도 조건을 보였지만, 현재 RS 비율이 20일선 아래로 내려갔기 때문에 모멘텀 약화로 판정됐습니다.",2026-10-02T02:31:15+00:00
2026-10-01,QQQ,XLF,금융,yfinance (Yahoo Finance),11.0,11.0,53.459999084472656,-0.019622221140237,-0.0695594106354065,-0.0240276014684903,0.0012549638936394,0.0473228503013243,0.0440841284427306,-0.0208771850338764,-0.1168822609367308,-0.068111729911221,0.0720456005468265,-0.0208510177594428,-0.1116009842648833,False,False,0.0768172955183573,55.70749282836914,56.69181869506836,53.32804035186768,False,False,True,False,정배열 아님 · 20일선 아래/50일선 아래/200일선 위,41303900,20.0,38128430.0,38128430.0,1.0832835236069254,1.0,4.0,14.0,27.04572419657952,27.04572419657952,20.0,0.133421836126963,0.133421836126963,False,True,2026-10-01,2026-10-02T05:43:51+09:00,53.46,53.4,54.84,1.91,-1.3174928683538236,하단 이탈,중기·단기 약세 동행,약세,"XLF는 QQQ 대비 20일 상대수익률이 -11.7%, 60일 상대수익률이 -6.8%이고, 현재 가격 53.46가 20일선(55.71)과 50일선(56.69) 아래라 약세로 판정됐습니다.",2026-10-02T02:31:15+00:00
2026-10-01,QQQ,XLI,산업재,yfinance (Yahoo Finance),6.0,11.0,168.63999938964844,-0.0011254068550943,-0.0213378973571054,-0.0627799705435202,0.0012549638936394,0.0473228503013243,0.0440841284427306,-0.0023803707487337,-0.0686607476584297,-0.1068640989862509,0.2272684294858613,-0.0023773872136194,-0.0655583401418916,False,False,0.2345696466309029,170.16484146118165,176.68780181884765,171.40590202331543,False,False,False,False,정배열 아님 · 20일선 아래/50일선 아래/200일선 아래,9334600,20.0,7537650.0,7537650.0,1.2383965824892371,4.0,1.0,14.0,39.95809942846876,39.95809942846876,20.0,0.1316008304458543,0.1316008304458543,False,True,2026-10-01,2026-10-02T05:43:51+09:00,168.64,166.98,170.43,2.19,-0.4795819974027608,정상 범위,중기 약세 · 단기 위치는 예상 범위 안,약세,"XLI는 QQQ 대비 20일 상대수익률이 -6.9%, 60일 상대수익률이 -10.7%이고, 현재 가격 168.64가 20일선(170.16)과 50일선(176.69) 아래라 약세로 판정됐습니다.",2026-10-02T02:31:15+00:00
2026-10-01,QQQ,XLV,헬스케어,yfinance (Yahoo Finance),8.0,11.0,166.1999969482422,-0.0216047464204228,-0.0353508623235113,0.0279486267430142,0.0012549638936394,0.0473228503013243,0.0440841284427306,-0.0228597103140623,-0.0826737126248357,-0.0161355016997164,0.2239801495712083,-0.0228310581604175,-0.0789381350755878,False,False,0.2320706602057202,168.3823715209961,167.91109832763672,155.43735412597655,False,False,True,True,정배열 · 20일선 아래/50일선 아래/200일선 위,10029700,20.0,8053290.0,8053290.0,1.2454164695422616,2.0,3.0,14.0,42.6051122411649,42.6051122411649,20.0,0.1433928438067083,0.1433928438067083,False,True,2026-10-01,2026-10-02T05:43:51+09:00,166.2,168.42,170.7,2.31,-1.1412137949923538,하단 이탈,중기·단기 약세 동행,약세,"XLV는 QQQ 대비 20일 상대수익률이 -8.3%, 60일 상대수익률이 -1.6%이고, 현재 가격 166.20가 20일선(168.38)과 50일선(167.91) 아래라 약세로 판정됐습니다.",2026-10-02T02:31:15+00:00
2026-10-01,QQQ,XLY,경기소비재,yfinance (Yahoo Finance),10.0,11.0,108.80999755859376,-0.0136874740791113,-0.0505863960119412,-0.0542094872537947,0.0012549638936394,0.0473228503013243,0.0440841284427306,-0.0149424379727507,-0.0979092463132655,-0.0982936156965254,0.1466382670007287,-0.0149237092564749,-0.0934852574686938,False,False,0.1535925090840291,111.41184883117675,114.15287399291992,115.95904243469238,False,False,False,False,정배열 아님 · 20일선 아래/50일선 아래/200일선 아래,7752600,20.0,6582230.0,6582230.0,1.1778075211592425,0.0,5.0,14.0,34.76766765339359,34.76766765339359,20.0,0.1492110273958478,0.1492110273958478,False,True,2026-10-01,2026-10-02T05:43:51+09:00,108.81,108.84,110.56,2.58,-0.6135081165370938,정상 범위,중기 약세 · 단기 위치는 예상 범위 안,약세,"XLY는 QQQ 대비 20일 상대수익률이 -9.8%, 60일 상대수익률이 -9.8%이고, 현재 가격 108.81가 20일선(111.41)과 50일선(114.15) 아래라 약세로 판정됐습니다.",2026-10-02T02:31:15+00:00
2026-10-02,QQQ,CIBR,사이버보안,yfinance (Yahoo Finance),2.0,11.0,104.6999969482422,0.0371471036489743,0.0984369936085571,0.1107894287186741,0.0068233943449882,0.0455517656338526,0.0374419923829298,0.030323709303986,0.0528852279747045,0.0733474363357442,0.1396782125472442,0.0301182009419973,0.05058116653138,False,False,0.1377073932925256,100.17539825439454,97.40390518188477,79.84322799682617,True,True,True,True,정배열 · 20일선 위/50일선 위/200일선 위,2509300,20.0,1720380.0,1720380.0,1.4585731059417106,4.0,1.0,14.0,63.02521000283976,63.02521000283976,20.0,0.2816139007418839,0.2816139007418839,True,True,2026-10-02,2026-10-03T07:09:04+09:00,104.7,103.78,104.7,4.35,0.0,정상 범위,상대강도 중립 · 주간 예상 범위 안,중립,"CIBR의 QQQ 대비 상대수익률은 5일 +3.0%, 20일 +5.3%, 60일 +7.3%이며, 현재는 다른 명시적 조건을 충족하지 않아 중립으로 판정됐습니다.",2026-10-03T02:16:33+00:00
2026-10-02,QQQ,IGV,소프트웨어,yfinance (Yahoo Finance),4.0,11.0,108.43000030517578,0.0228280173585455,0.0138382739519837,0.1549851243868467,0.0068233943449882,0.0455517656338526,0.0374419923829298,0.0160046230135573,-0.0317134916818688,0.1175431320039168,0.144654336872723,0.015896157263975,-0.0303318235636502,False,False,0.1449223564366823,105.3995002746582,102.98420013427734,93.59933292388916,True,True,True,True,정배열 · 20일선 위/50일선 위/200일선 위,6263200,20.0,8467645.0,8467645.0,0.7396625626133358,3.0,2.0,14.0,59.12269170367476,59.12269170367476,20.0,0.2670153768272121,0.2670153768272121,False,True,2026-10-02,2026-10-03T07:09:04+09:00,108.43,108.23,108.43,3.83,0.0,정상 범위,상대강도 개선 · 주간 기준가 위,개선 중,"IGV는 QQQ 대비 20일 상대수익률이 아직 -3.2%이지만, 5일 상대수익률이 +1.6%로 중기 값보다 빠르게 개선돼 개선 중으로 판정됐습니다.",2026-10-03T02:16:33+00:00
2026-10-02,QQQ,IWM,중소형주,yfinance (Yahoo Finance),9.0,11.0,281.5199890136719,-0.0015959577440262,-0.0438184089309774,-0.0504129459736223,0.0068233943449882,0.0455517656338526,0.0374419923829298,-0.0084193520890144,-0.0893701745648301,-0.0878549383565522,0.3755702961594949,-0.0083622928671536,-0.0854765660604577,False,False,0.3917573080662378,284.7831146240234,292.02047241210937,275.1260906982422,False,False,True,False,정배열 아님 · 20일선 아래/50일선 아래/200일선 위,29774200,20.0,24317885.0,24317885.0,1.224374570403635,2.0,3.0,14.0,40.03287899674062,40.03287899674062,20.0,0.111699214715,0.111699214715,False,False,,,,,,,,,,약세,"IWM는 QQQ 대비 20일 상대수익률이 -8.9%, 60일 상대수익률이 -8.8%이고, 현재 가격 281.52가 20일선(284.78)과 50일선(292.02) 아래라 약세로 판정됐습니다.",2026-10-03T02:16:33+00:00
2026-10-02,QQQ,SKYY,클라우드,yfinance (Yahoo Finance),3.0,11.0,168.13999938964844,0.0210104862020439,0.0257442732298822,0.1853365678881084,0.0068233943449882,0.0455517656338526,0.0374419923829298,0.0141870918570556,-0.0198074924039703,0.1478945755051786,0.2243122756159271,0.0140909437908773,-0.0189445353688083,False,False,0.2245822379888916,163.34350051879883,158.7675994873047,132.7649000930786,True,True,True,True,정배열 · 20일선 위/50일선 위/200일선 위,96700,20.0,193835.0,193835.0,0.4988779116258673,2.0,3.0,14.0,60.85124426168824,60.85124426168824,20.0,0.2340301219920892,0.2340301219920892,False,False,,,,,,,,,,개선 중,"SKYY는 QQQ 대비 20일 상대수익률이 아직 -2.0%이지만, 5일 상대수익률이 +1.4%로 중기 값보다 빠르게 개선돼 개선 중으로 판정됐습니다.",2026-10-03T02:16:33+00:00
2026-10-02,QQQ,SMH,반도체,yfinance (Yahoo Finance),1.0,11.0,630.5999755859375,0.0396333060605789,0.1411509291459782,0.0376318362631173,0.0068233943449882,0.0455517656338526,0.0374419923829298,0.0328099117155906,0.0955991635121256,0.0001898438801875,0.8412710600719691,0.0325875539840192,0.0914341753841043,True,False,0.8026807798040757,584.1460021972656,569.8466009521485,499.4766195678711,True,True,True,True,정배열 · 20일선 위/50일선 위/200일선 위,7324900,20.0,6475780.0,6475780.0,1.1311224284951005,4.0,1.0,14.0,68.607509475335,68.607509475335,20.0,0.3120522907819744,0.3120522907819744,True,False,,,,,,,,,,강한 주도,"SMH는 QQQ 대비 20일 상대수익률이 +9.6%, 60일 상대수익률이 +0.0%이고, RS 비율이 20일 신고가이며 가격이 20일선과 50일선 위라 강한 주도로 판정됐습니다.",2026-10-03T02:16:33+00:00
2026-10-02,QQQ,XLC,커뮤니케이션 서비스,yfinance (Yahoo Finance),6.0,11.0,110.31999969482422,-0.0233710996020301,-0.0237820688265816,0.0015707354604976,0.0068233943449882,0.0455517656338526,0.0374419923829298,-0.0301944939470183,-0.0693338344604342,-0.0358712569224322,0.1471757479916935,-0.0299898612970371,-0.06631315324536,False,False,0.1541624591899721,112.08592872619629,111.19286987304687,113.11862453460694,False,False,False,False,정배열 아님 · 20일선 아래/50일선 아래/200일선 아래,5598000,20.0,5934225.0,5934225.0,0.9433413798769004,1.0,4.0,14.0,45.14581435336457,45.14581435336457,20.0,0.2153380414668693,0.2153380414668693,False,True,2026-10-02,2026-10-03T07:09:04+09:00,110.32,109.94,110.32,2.15,0.0,정상 범위,상대 모멘텀 약화 · 주간 예상 범위 안,약화,"XLC는 최근 20거래일 안에 강한 주도 조건을 보였지만, 현재 RS 비율이 20일선 아래로 내려갔고, 최근 5거래일 중 4일 QQQ를 언더퍼폼했기 때문에 모멘텀 약화로 판정됐습니다.",2026-10-03T02:16:33+00:00
2026-10-02,QQQ,XLE,에너지,yfinance (Yahoo Finance),5.0,11.0,62.81999969482422,0.0125725139875305,-0.0220767058697776,0.1527435703896289,0.0068233943449882,0.0455517656338526,0.0374419923829298,0.0057491196425423,-0.0676284715036302,0.115301578006699,0.0838069295639916,0.0057101569896302,-0.0646820881820532,False,False,0.087062666847868,63.27870178222656,61.82146446228028,55.87609645843506,False,True,True,True,정배열 · 20일선 아래/50일선 위/200일선 위,29238100,20.0,34641940.0,34641940.0,0.8440087362312849,2.0,3.0,14.0,51.64936413583614,51.64936413583614,20.0,0.2006174982327409,0.2006174982327409,False,True,2026-10-02,2026-10-03T07:09:04+09:00,62.82,62.7,62.82,3.36,0.0,정상 범위,상대 모멘텀 약화 · 주간 예상 범위 안,약화,"XLE는 최근 20거래일 안에 강한 주도 조건을 보였지만, 현재 RS 비율이 20일선 아래로 내려갔기 때문에 모멘텀 약화로 판정됐습니다.",2026-10-03T02:16:33+00:00
2026-10-02,QQQ,XLF,금융,yfinance (Yahoo Finance),11.0,11.0,53.4900016784668,-0.0246170399410071,-0.0833450894403312,-0.0335017653204261,0.0068233943449882,0.0455517656338526,0.0374419923829298,-0.0314404342859954,-0.1288968550741839,-0.070943757703356,0.0713599621907417,-0.031227357709988,-0.1232811796707568,False,False,0.0763155759181763,55.46431903839111,56.64895660400391,53.32480869293213,False,False,True,False,정배열 아님 · 20일선 아래/50일선 아래/200일선 위,30275700,20.0,38020855.0,38020855.0,0.796291929784325,0.0,5.0,14.0,27.510594584677023,27.510594584677023,20.0,0.1140227092800346,0.1140227092800346,False,True,2026-10-02,2026-10-03T07:09:04+09:00,53.49,53.46,53.49,2.14,0.0,정상 범위,중기 약세 · 단기 위치는 예상 범위 안,약세,"XLF는 QQQ 대비 20일 상대수익률이 -12.9%, 60일 상대수익률이 -7.1%이고, 현재 가격 53.49가 20일선(55.46)과 50일선(56.65) 아래라 약세로 판정됐습니다.",2026-10-03T02:16:33+00:00
2026-10-02,QQQ,XLI,산업재,yfinance (Yahoo Finance),7.0,11.0,169.9499969482422,-0.0028163806147206,-0.0237926077848772,-0.0590979783584415,0.0068233943449882,0.0455517656338526,0.0374419923829298,-0.0096397749597089,-0.0693443734187299,-0.0965399707413714,0.2267269578610874,-0.009574444747562,-0.066323233050724,False,False,0.2337643751816498,169.95773620605468,176.45775512695312,171.47957290649413,False,False,False,False,정배열 아님 · 20일선 아래/50일선 아래/200일선 아래,6115800,20.0,7426410.0,7426410.0,0.8235203819880669,3.0,2.0,14.0,44.555660511723055,44.555660511723055,20.0,0.1289842381910395,0.1289842381910395,False,True,2026-10-02,2026-10-03T07:09:04+09:00,169.95,168.64,169.95,2.36,0.0,정상 범위,중기 약세 · 단기 위치는 예상 범위 안,약세,"XLI는 QQQ 대비 20일 상대수익률이 -6.9%, 60일 상대수익률이 -9.7%이고, 현재 가격 169.95가 20일선(169.96)과 50일선(176.46) 아래라 약세로 판정됐습니다.",2026-10-03T02:16:33+00:00
2026-10-02,QQQ,XLV,헬스케어,yfinance (Yahoo Finance),8.0,11.0,166.17999267578125,-0.0264792287830646,-0.037192670523281,0.0286489111214944,0.0068233943449882,0.0455517656338526,0.0374419923829298,-0.0333026231280528,-0.0827444361571336,-0.0087930812614354,0.2216974690987034,-0.0330769262167558,-0.0791394925405447,False,False,0.2311180172668673,168.0613998413086,168.0182080078125,155.50058219909667,False,False,True,True,정배열 · 20일선 아래/50일선 아래/200일선 위,7148000,20.0,8113995.0,8113995.0,0.8809470550573423,1.0,4.0,14.0,42.55154819768601,42.55154819768601,20.0,0.1429245294546609,0.1429245294546609,False,True,2026-10-02,2026-10-03T07:09:04+09:00,166.18,166.2,166.18,2.09,0.0,정상 범위,중기 약세 · 단기 위치는 예상 범위 안,약세,"XLV는 QQQ 대비 20일 상대수익률이 -8.3%, 60일 상대수익률이 -0.9%이고, 현재 가격 166.18가 20일선(168.06)과 50일선(168.02) 아래라 약세로 판정됐습니다.",2026-10-03T02:16:33+00:00
2026-10-02,QQQ,XLY,경기소비재,yfinance (Yahoo Finance),10.0,11.0,110.04000091552734,-0.0047032982502629,-0.0530451545223361,-0.056205738672781,0.0068233943449882,0.0455517656338526,0.0374419923829298,-0.0115266925952511,-0.0985969201561888,-0.0936477310557108,0.1468022071115832,-0.0114485744570427,-0.0943013281570193,False,False,0.1528282569360805,111.10364570617676,114.18325424194336,115.90554954528808,False,False,False,False,정배열 아님 · 20일선 아래/50일선 아래/200일선 아래,8619400,20.0,6730270.0,6730270.0,1.2806915621512955,1.0,4.0,14.0,41.57656358113164,41.57656358113164,20.0,0.145612168110611,0.145612168110611,False,True,2026-10-02,2026-10-03T07:09:04+09:00,110.04,108.81,110.04,2.56,0.0,정상 범위,중기 약세 · 단기 위치는 예상 범위 안,약세,"XLY는 QQQ 대비 20일 상대수익률이 -9.9%, 60일 상대수익률이 -9.4%이고, 현재 가격 110.04가 20일선(111.10)과 50일선(114.18) 아래라 약세로 판정됐습니다.",2026-10-03T02:16:33+00:00
2026-10-05,QQQ,CIBR,사이버보안,yfinance (Yahoo Finance),1.0,11.0,106.01000213623048,0.0426871648022788,0.120764006865121,0.1538208525305442,0.0267062877652579,0.0528930510872656,0.043387349052157,0.0159808770370208,0.0678709557778554,0.1104335034783872,0.1401877815722743,0.0155651886303385,0.064461395872799,False,False,0.138131866181796,100.74653511047364,97.75615615844728,80.01192831039428,True,True,True,True,정배열 · 20일선 위/50일선 위/200일선 위,2810700,20.0,1808605.0,1808605.0,1.554070678782819,4.0,1.0,14.0,65.54093485767271,65.54093485767271,20.0,0.2788172008705032,0.2788172008705032,True,True,2026-10-05,2026-10-06T05:43:46+09:00,106.01,104.7,104.7,4.35,0.287630778688975,정상 범위,상대강도 중립 · 주간 예상 범위 안,중립,"CIBR의 QQQ 대비 상대수익률은 5일 +1.6%, 20일 +6.8%, 60일 +11.0%이며, 현재는 다른 명시적 조건을 충족하지 않아 중립으로 판정됐습니다.",2026-10-06T03:16:53+00:00
2026-10-05,QQQ,IGV,소프트웨어,yfinance (Yahoo Finance),4.0,11.0,109.72000122070312,0.0406905141146693,0.0492493214201836,0.187317356050396,0.0267062877652579,0.0528930510872656,0.043387349052157,0.0139842263494114,-0.0036437296670819,0.143930006998239,0.1450938897772249,0.0136204740499343,-0.0034606835550101,False,False,0.1448971630484237,105.65700035095216,103.41900009155272,93.61648258209227,True,True,True,True,정배열 · 20일선 위/50일선 위/200일선 위,5467700,20.0,8130535.0,8130535.0,0.6724895717194502,3.0,2.0,14.0,61.92274465960378,61.92274465960378,20.0,0.255128143006742,0.255128143006742,False,True,2026-10-05,2026-10-06T05:43:46+09:00,109.72,108.43,108.43,3.83,0.3106286280641147,정상 범위,상대강도 개선 · 주간 기준가 위,개선 중,"IGV는 QQQ 대비 20일 상대수익률이 아직 -0.4%이지만, 5일 상대수익률이 +1.4%로 중기 값보다 빠르게 개선돼 개선 중으로 판정됐습니다.",2026-10-06T03:16:53+00:00
2026-10-05,QQQ,IWM,중소형주,yfinance (Yahoo Finance),10.0,11.0,283.3800048828125,0.0119992000605948,-0.040167187819303,-0.0401021983858559,0.0267062877652579,0.0528930510872656,0.043387349052157,-0.0147070877046631,-0.0930602389065686,-0.0834895474380129,0.3747421321189151,-0.0143245326145559,-0.0883852721892982,False,False,0.3899406587549837,284.190168762207,291.8798419189453,275.30190841674806,False,False,True,False,정배열 아님 · 20일선 아래/50일선 아래/200일선 위,22692800,20.0,24754970.0,24754970.0,0.9166967279701812,1.0,4.0,14.0,44.49781016648642,44.49781016648642,20.0,0.1147542088989529,0.1147542088989529,False,False,,,,,,,,,,약세,"IWM는 QQQ 대비 20일 상대수익률이 -9.3%, 60일 상대수익률이 -8.3%이고, 현재 가격 283.38가 20일선(284.19)과 50일선(291.88) 아래라 약세로 판정됐습니다.",2026-10-06T03:16:53+00:00
2026-10-05,QQQ,SKYY,클라우드,yfinance (Yahoo Finance),3.0,11.0,169.83999633789062,0.0454265007942629,0.0512503027012853,0.2151390938417137,0.0267062877652579,0.0528930510872656,0.043387349052157,0.0187202130290049,-0.0016427483859802,0.1717517447895566,0.2245966590799156,0.0182332700715717,-0.0015602234094753,False,False,0.2245646895611645,163.75750045776368,159.52519927978517,132.9646500778198,True,True,True,True,정배열 · 20일선 위/50일선 위/200일선 위,117200,20.0,191940.0,191940.0,0.6106074815046368,3.0,2.0,14.0,63.31823524550852,63.31823524550852,20.0,0.2282218288658626,0.2282218288658626,False,False,,,,,,,,,,개선 중,"SKYY는 QQQ 대비 20일 상대수익률이 아직 -0.2%이지만, 5일 상대수익률이 +1.9%로 중기 값보다 빠르게 개선돼 개선 중으로 판정됐습니다.",2026-10-06T03:16:53+00:00
2026-10-05,QQQ,SMH,반도체,yfinance (Yahoo Finance),2.0,11.0,633.9000244140625,0.0564824154544947,0.1179697245134818,0.0374285943744934,0.0267062877652579,0.0528930510872656,0.043387349052157,0.0297761276892367,0.0650766734262162,-0.0059587546776636,0.8382703176160679,0.0290016025459898,0.0618074868658455,False,False,0.8051205526577695,587.4905029296875,571.3008013916016,500.8918782043457,True,True,True,True,정배열 · 20일선 위/50일선 위/200일선 위,3488800,20.0,6177660.0,6177660.0,0.5647445796628496,4.0,1.0,14.0,69.46008987476304,69.46008987476304,20.0,0.3036399576519575,0.3036399576519575,True,False,,,,,,,,,,중립,"SMH의 QQQ 대비 상대수익률은 5일 +3.0%, 20일 +6.5%, 60일 -0.6%이며, 현재는 다른 명시적 조건을 충족하지 않아 중립으로 판정됐습니다.",2026-10-06T03:16:53+00:00
2026-10-05,QQQ,XLC,커뮤니케이션 서비스,yfinance (Yahoo Finance),5.0,11.0,111.61000061035156,0.0038676048209702,-0.0004655719962611,0.0030261621508953,0.0267062877652579,0.0528930510872656,0.043387349052157,-0.0228386829442877,-0.0533586230835267,-0.0403611869012616,0.1475932277290087,-0.0222446119366801,-0.0506781035627752,False,False,0.1537685072065571,112.0833293914795,111.30605361938476,113.10055835723875,False,True,False,False,정배열 아님 · 20일선 아래/50일선 위/200일선 아래,6240400,20.0,6111765.0,6111765.0,1.021047111595423,2.0,3.0,14.0,49.5902604053457,49.5902604053457,20.0,0.2159470988686888,0.2159470988686888,False,True,2026-10-05,2026-10-06T05:43:46+09:00,111.61,110.32,110.32,2.15,0.5438723712835415,정상 범위,상대 모멘텀 약화 · 주간 예상 범위 안,약화,"XLC는 최근 20거래일 안에 강한 주도 조건을 보였지만, 현재 RS 비율이 20일선 아래로 내려갔기 때문에 모멘텀 약화로 판정됐습니다.",2026-10-06T03:16:53+00:00
2026-10-05,QQQ,XLE,에너지,yfinance (Yahoo Finance),6.0,11.0,63.45000076293945,0.0217391678259211,-0.0036348407987771,0.1588080432093079,0.0267062877652579,0.0528930510872656,0.043387349052157,-0.0049671199393368,-0.0565278918860427,0.1154206941571509,0.0839063736295844,-0.0048379171322194,-0.0536881612312567,False,False,0.0868246491706499,63.26712818145752,61.90511024475098,55.98036880493164,True,True,True,True,정배열 · 20일선 위/50일선 위/200일선 위,29430100,20.0,34799355.0,34799355.0,0.8457082034997487,2.0,3.0,14.0,55.36169810428523,55.36169810428523,20.0,0.2021606592694543,0.2021606592694543,False,True,2026-10-05,2026-10-06T05:43:46+09:00,63.45,62.82,62.82,3.36,0.2984718242597911,정상 범위,상대 모멘텀 약화 · 주간 예상 범위 안,약화,"XLE는 최근 20거래일 안에 강한 주도 조건을 보였지만, 현재 RS 비율이 20일선 아래로 내려갔기 때문에 모멘텀 약화로 판정됐습니다.",2026-10-06T03:16:53+00:00
2026-10-05,QQQ,XLF,금융,yfinance (Yahoo Finance),11.0,11.0,53.880001068115234,-0.0057205677514255,-0.069351268013204,-0.0294257262891187,0.0267062877652579,0.0528930510872656,0.043387349052157,-0.0324268555166835,-0.1222443191004696,-0.0728130753412757,0.071250992063412,-0.0315833806640692,-0.1161032632651859,False,False,0.0758476212156845,55.263564109802246,56.604328384399416,53.32525007247925,False,False,True,False,정배열 아님 · 20일선 아래/50일선 아래/200일선 위,28792700,20.0,38143255.0,38143255.0,0.7548569203126477,0.0,5.0,14.0,33.44718442983013,33.44718442983013,20.0,0.1202921996715587,0.1202921996715587,False,True,2026-10-05,2026-10-06T05:43:46+09:00,53.88,53.49,53.49,2.14,0.3407047871643407,정상 범위,중기 약세 속 단기 반등,약세,"XLF는 QQQ 대비 20일 상대수익률이 -12.2%, 60일 상대수익률이 -7.3%이고, 현재 가격 53.88가 20일선(55.26)과 50일선(56.60) 아래라 약세로 판정됐습니다.",2026-10-06T03:16:53+00:00
2026-10-05,QQQ,XLI,산업재,yfinance (Yahoo Finance),8.0,11.0,170.10000610351562,0.0078208753037427,-0.0268889582187252,-0.06246055625603,0.0267062877652579,0.0528930510872656,0.043387349052157,-0.0188854124615152,-0.0797820093059908,-0.1058479053081871,0.2249404963735254,-0.0183941724001918,-0.0757740866687307,False,False,0.2328422705088821,169.72272644042968,176.2163473510742,171.5585920715332,True,False,False,False,정배열 아님 · 20일선 위/50일선 아래/200일선 아래,6406200,20.0,7454640.0,7454640.0,0.8593573935159847,2.0,3.0,14.0,45.07431781330572,45.07431781330572,20.0,0.1277580673990264,0.1277580673990264,False,True,2026-10-05,2026-10-06T05:43:46+09:00,170.1,169.95,169.95,2.36,0.0373988361482204,정상 범위,상대강도 개선 · 주간 기준가 위,개선 중,"XLI는 QQQ 대비 20일 상대수익률이 아직 -8.0%이지만, 5일 상대수익률이 -1.9%로 중기 값보다 빠르게 개선돼 개선 중으로 판정됐습니다.",2026-10-06T03:16:53+00:00
2026-10-05,QQQ,XLV,헬스케어,yfinance (Yahoo Finance),7.0,11.0,167.3699951171875,-0.0227139992667299,-0.0200610025149846,0.0445818310018366,0.0267062877652579,0.0528930510872656,0.043387349052157,-0.0494202870319878,-0.0729540536022502,0.0011944819496796,0.2213303258600916,-0.0481347855963332,-0.0692891396015147,False,False,0.2302941422859736,167.89008255004882,168.12660400390624,155.5797435760498,False,False,True,False,정배열 아님 · 20일선 아래/50일선 아래/200일선 위,7301100,20.0,8174900.0,8174900.0,0.8931118423466954,0.0,5.0,14.0,46.83366654173148,46.83366654173148,20.0,0.1425507047388104,0.1425507047388104,False,True,2026-10-05,2026-10-06T05:43:46+09:00,167.37,166.18,166.18,2.09,0.3426272658747267,정상 범위,상대강도 개선 · 주간 기준가 위,개선 중,"XLV는 QQQ 대비 20일 상대수익률이 아직 -7.3%이지만, 5일 상대수익률이 -4.9%로 중기 값보다 빠르게 개선돼 개선 중으로 판정됐습니다.",2026-10-06T03:16:53+00:00
2026-10-05,QQQ,XLY,경기소비재,yfinance (Yahoo Finance),9.0,11.0,110.41999816894533,0.013027506137113,-0.0369577303216546,-0.0560969040201237,0.0267062877652579,0.0528930510872656,0.043387349052157,-0.0136787816281449,-0.0898507814089202,-0.0994842530722808,0.1460195667633957,-0.0133229744388909,-0.0853370447417583,False,False,0.1521470837109912,110.89177169799804,114.20826293945312,115.8529642868042,False,False,False,False,정배열 아님 · 20일선 아래/50일선 아래/200일선 아래,7061400,20.0,6827340.0,6827340.0,1.0342827514083084,1.0,4.0,14.0,43.53736566807831,43.53736566807831,20.0,0.1414837531420852,0.1414837531420852,False,True,2026-10-05,2026-10-06T05:43:46+09:00,110.42,110.04,110.04,2.56,0.1348941294074865,정상 범위,중기 약세 속 단기 반등,약세,"XLY는 QQQ 대비 20일 상대수익률이 -9.0%, 60일 상대수익률이 -9.9%이고, 현재 가격 110.42가 20일선(110.89)과 50일선(114.21) 아래라 약세로 판정됐습니다.",2026-10-06T03:16:53+00:00
2026-10-06,QQQ,CIBR,사이버보안,yfinance (Yahoo Finance),1.0,11.0,108.12999725341795,0.0604098848580201,0.1502298704304689,0.1774076506327619,0.0294472113675114,0.0585939410372686,0.0684401565832768,0.0309626734905086,0.0916359293932003,0.1089674940494851,0.1423399956243915,0.0300769900084316,0.0865638143587053,False,False,0.1386988597073591,101.45267028808594,98.13680755615236,80.19681371688843,True,True,True,True,정배열 · 20일선 위/50일선 위/200일선 위,2411400,20.0,1871750.0,1871750.0,1.2883130759983972,4.0,1.0,14.0,69.19386350007728,69.19386350007728,20.0,0.2793382866527409,0.2793382866527409,True,True,2026-10-06,2026-10-07T05:43:46+09:00,108.13,106.01,104.7,4.35,0.7531095961092981,정상 범위,상대강도 중립 · 주간 예상 범위 안,중립,"CIBR의 QQQ 대비 상대수익률은 5일 +3.1%, 20일 +9.2%, 60일 +10.9%이며, 현재는 다른 명시적 조건을 충족하지 않아 중립으로 판정됐습니다.",2026-10-07T02:39:55+00:00
2026-10-06,QQQ,IGV,소프트웨어,yfinance (Yahoo Finance),3.0,11.0,111.16000366210938,0.0564531683377085,0.0827975813051451,0.1991370800602516,0.0294472113675114,0.0585939410372686,0.0684401565832768,0.027005956970197,0.0242036402678764,0.1306969234769748,0.1463286306924589,0.0262334548794613,0.0228639512560975,False,False,0.1450607063366301,106.08200035095214,103.82400009155272,93.64888076782226,True,True,True,True,정배열 · 20일선 위/50일선 위/200일선 위,5143900,20.0,7743215.0,7743215.0,0.6643106254959987,4.0,1.0,14.0,64.81969744976789,64.81969744976789,20.0,0.2453412123871119,0.2453412123871119,True,True,2026-10-06,2026-10-07T05:43:46+09:00,111.16,109.72,108.43,3.83,0.6573768640426628,정상 범위,상대강도 개선 · 주간 기준가 위,주도 후보,"IGV의 QQQ 대비 20일 상대수익률이 전일 -0.4%에서 +2.4%로 양수 전환했고, RS 비율의 5일 변화율도 +2.6%로 상승해 주도 후보로 판정됐습니다.",2026-10-07T02:39:55+00:00
2026-10-06,QQQ,IWM,중소형주,yfinance (Yahoo Finance),10.0,11.0,281.3399963378906,0.0083509067442522,-0.0427434694059369,-0.0388620288662012,0.0294472113675114,0.0585939410372686,0.0684401565832768,-0.0210963046232592,-0.1013374104432056,-0.1073021854494781,0.3703499016452239,-0.0204928474139389,-0.0957283114089144,False,False,0.3879803535081063,283.5620483398437,291.6637023925781,275.4807396697998,False,False,True,False,정배열 아님 · 20일선 아래/50일선 아래/200일선 위,21802000,20.0,24980100.0,24980100.0,0.8727747286840325,1.0,4.0,14.0,40.90086297070056,40.90086297070056,20.0,0.1159136200104954,0.1159136200104954,False,False,,,,,,,,,,약세,"IWM는 QQQ 대비 20일 상대수익률이 -10.1%, 60일 상대수익률이 -10.7%이고, 현재 가격 281.34가 20일선(283.56)과 50일선(291.66) 아래라 약세로 판정됐습니다.",2026-10-07T02:39:55+00:00
2026-10-06,QQQ,SKYY,클라우드,yfinance (Yahoo Finance),4.0,11.0,171.00999450683594,0.0507526544198828,0.0713569711694721,0.2215871690581985,0.0294472113675114,0.0585939410372686,0.0684401565832768,0.0213054430523713,0.0127630301322034,0.1531470124749216,0.2251138674569865,0.0206960034639069,0.0120565871742073,False,False,0.2246987781586557,164.3270004272461,160.22859924316407,133.17890003204346,True,True,True,True,정배열 · 20일선 위/50일선 위/200일선 위,230300,20.0,191355.0,191355.0,1.203522249222649,4.0,1.0,14.0,64.95504004762458,64.95504004762458,20.0,0.2219514706783412,0.2219514706783412,True,False,,,,,,,,,,주도 후보,"SKYY의 QQQ 대비 20일 상대수익률이 전일 -0.2%에서 +1.3%로 양수 전환했고, RS 비율의 5일 변화율도 +2.1%로 상승해 주도 후보로 판정됐습니다.",2026-10-07T02:39:55+00:00
2026-10-06,QQQ,SMH,반도체,yfinance (Yahoo Finance),2.0,11.0,632.5,0.0421815365894131,0.1024349807957283,0.0800519198007085,0.0294472113675114,0.0585939410372686,0.0684401565832768,0.0127343252219016,0.0438410397584596,0.0116117632174317,0.8326093546588138,0.0123700614089625,0.0414144064677923,False,False,0.806776090646709,590.42900390625,572.9798016357422,502.3634397888184,True,True,True,True,정배열 · 20일선 위/50일선 위/200일선 위,5064600,20.0,6021370.0,6021370.0,0.8411042669691449,3.0,2.0,14.0,68.60877704788973,68.60877704788973,20.0,0.3040040869917447,0.3040040869917447,True,False,,,,,,,,,,중립,"SMH의 QQQ 대비 상대수익률은 5일 +1.3%, 20일 +4.4%, 60일 +1.2%이며, 현재는 다른 명시적 조건을 충족하지 않아 중립으로 판정됐습니다.",2026-10-07T02:39:55+00:00
2026-10-06,QQQ,XLC,커뮤니케이션 서비스,yfinance (Yahoo Finance),5.0,11.0,111.6500015258789,0.0016147869669382,0.0044653309157105,0.0038352266296473,0.0294472113675114,0.0585939410372686,0.0684401565832768,-0.0278324244005732,-0.0541286101215581,-0.0646049299536295,0.1469736533092768,-0.0270362813102392,-0.0511325523632979,False,False,0.1533725015240679,112.10814628601074,111.3929266357422,113.08684085845948,False,True,False,False,정배열 아님 · 20일선 아래/50일선 위/200일선 아래,5814100,20.0,6119575.0,6119575.0,0.9500823178080176,1.0,4.0,14.0,49.72628375616058,49.72628375616058,20.0,0.2152573154370547,0.2152573154370547,False,True,2026-10-06,2026-10-07T05:43:46+09:00,111.65,111.61,110.32,2.15,0.5607366308582274,정상 범위,상대 모멘텀 약화 · 주간 예상 범위 안,약화,"XLC는 최근 20거래일 안에 강한 주도 조건을 보였지만, 현재 RS 비율이 20일선 아래로 내려갔고, 최근 5거래일 중 4일 QQQ를 언더퍼폼했기 때문에 모멘텀 약화로 판정됐습니다.",2026-10-07T02:39:55+00:00
2026-10-06,QQQ,XLE,에너지,yfinance (Yahoo Finance),7.0,11.0,63.75,0.0359115867987425,-0.0098975409180472,0.1302243273136059,0.0294472113675114,0.0585939410372686,0.0684401565832768,0.006464375431231,-0.0684914819553159,0.061784170730329,0.0839191246790504,0.0062794627639468,-0.064700428842625,False,False,0.0865343890485313,63.23526439666748,62.01980712890625,56.08142574310303,True,True,True,True,정배열 · 20일선 위/50일선 위/200일선 위,27824500,20.0,34786170.0,34786170.0,0.799872478056653,3.0,2.0,14.0,57.05270063124094,57.05270063124094,20.0,0.1987253000956511,0.1987253000956511,False,True,2026-10-06,2026-10-07T05:43:46+09:00,63.75,63.45,62.82,3.36,0.4406012643834993,정상 범위,상대 모멘텀 약화 · 주간 예상 범위 안,약화,"XLE는 최근 20거래일 안에 강한 주도 조건을 보였지만, 현재 RS 비율이 20일선 아래로 내려갔기 때문에 모멘텀 약화로 판정됐습니다.",2026-10-07T02:39:55+00:00
2026-10-06,QQQ,XLF,금융,yfinance (Yahoo Finance),11.0,11.0,54.0099983215332,0.0,-0.054081149918589,-0.0333306546642263,0.0294472113675114,0.0585939410372686,0.0684401565832768,-0.0294472113675114,-0.1126750909558577,-0.1017708112475032,0.0710975965970203,-0.0286048774938095,-0.106438443096937,False,False,0.0754241743120404,55.10916805267334,56.55094032287597,53.32639030456543,False,False,True,False,정배열 아님 · 20일선 아래/50일선 아래/200일선 위,21721500,20.0,37318270.0,37318270.0,0.5820607439733942,0.0,5.0,14.0,35.347827768408976,35.347827768408976,20.0,0.1157028991481808,0.1157028991481808,False,True,2026-10-06,2026-10-07T05:43:46+09:00,54.01,53.88,53.49,2.14,0.4542730495524502,정상 범위,중기 약세 속 단기 반등,약세,"XLF는 QQQ 대비 20일 상대수익률이 -11.3%, 60일 상대수익률이 -10.2%이고, 현재 가격 54.01가 20일선(55.11)과 50일선(56.55) 아래라 약세로 판정됐습니다.",2026-10-07T02:39:55+00:00
2026-10-06,QQQ,XLI,산업재,yfinance (Yahoo Finance),8.0,11.0,171.5800018310547,0.0144858799592642,-0.0136386801928044,-0.0461764368829599,0.0294472113675114,0.0585939410372686,0.0684401565832768,-0.0149613314082472,-0.0722326212300731,-0.1146165934662367,0.2258642128014427,-0.0145333643561701,-0.0682344933500145,False,False,0.2320152528731995,169.60410232543944,175.99376861572264,171.65751846313478,True,False,False,False,정배열 아님 · 20일선 위/50일선 아래/200일선 아래,5846300,20.0,7435685.0,7435685.0,0.7862490140451082,2.0,3.0,14.0,50.039939375821305,50.039939375821305,20.0,0.1317988284990765,0.1317988284990765,False,True,2026-10-06,2026-10-07T05:43:46+09:00,171.58,170.1,169.95,2.36,0.4064006861439866,정상 범위,상대강도 개선 · 주간 기준가 위,개선 중,"XLI는 QQQ 대비 20일 상대수익률이 아직 -7.2%이지만, 5일 상대수익률이 -1.5%로 중기 값보다 빠르게 개선돼 개선 중으로 판정됐습니다.",2026-10-07T02:39:55+00:00
2026-10-06,QQQ,XLV,헬스케어,yfinance (Yahoo Finance),6.0,11.0,167.08999633789062,-0.021320210160711,0.0035868408754871,0.039151681616605,0.0294472113675114,0.0585939410372686,0.0684401565832768,-0.0507674215282225,-0.0550071001617815,-0.0292884749666717,0.2199536664361022,-0.0493152256547312,-0.0519624173437857,False,False,0.2296913537245947,167.9199417114258,168.21286346435548,155.6588813018799,False,False,True,False,정배열 아님 · 20일선 아래/50일선 아래/200일선 위,7339400,20.0,7988540.0,7988540.0,0.9187410966209094,0.0,5.0,14.0,45.965495587762014,45.965495587762014,20.0,0.1103549743900476,0.1103549743900476,False,True,2026-10-06,2026-10-07T05:43:46+09:00,167.09,167.37,166.18,2.09,0.2620090856689082,정상 범위,중기 약세 속 단기 반등,약세,"XLV는 QQQ 대비 20일 상대수익률이 -5.5%, 60일 상대수익률이 -2.9%이고, 현재 가격 167.09가 20일선(167.92)과 50일선(168.21) 아래라 약세로 판정됐습니다.",2026-10-07T02:39:55+00:00
2026-10-06,QQQ,XLY,경기소비재,yfinance (Yahoo Finance),9.0,11.0,111.72000122070312,0.0235455763526937,-0.0177554253694796,-0.0351080674504832,0.0294472113675114,0.0585939410372686,0.0684401565832768,-0.0059016350148177,-0.0763493664067482,-0.10354822403376,0.1470657993973937,-0.0057328194682059,-0.0721233737007195,False,False,0.1515755162575229,110.79079704284668,114.23073471069335,115.81387187957765,True,False,False,False,정배열 아님 · 20일선 위/50일선 아래/200일선 아래,5896700,20.0,6731115.0,6731115.0,0.8760361396291699,2.0,3.0,14.0,49.750707135743305,49.750707135743305,20.0,0.1473552514396116,0.1473552514396116,False,True,2026-10-06,2026-10-07T05:43:46+09:00,111.72,110.42,110.04,2.56,0.5963740458015241,정상 범위,상대강도 개선 · 주간 기준가 위,개선 중,"XLY는 QQQ 대비 20일 상대수익률이 아직 -7.6%이지만, 5일 상대수익률이 -0.6%로 중기 값보다 빠르게 개선돼 개선 중으로 판정됐습니다.",2026-10-07T02:39:55+00:00
2026-10-07,QQQ,CIBR,사이버보안,yfinance (Yahoo Finance),1.0,11.0,106.56999969482422,0.0337569451989059,0.1279960650313172,0.1250191988735909,0.0242777626334198,0.0589263368119246,0.0539531494991096,0.009479182565486,0.0690697282193926,0.0710660493744812,0.1406437681519443,0.0092545039161204,0.0652261879021145,False,False,0.1391294563709093,102.05730628967284,98.48265914916992,80.36881242752075,True,True,True,True,정배열 · 20일선 위/50일선 위/200일선 위,1604100,20.0,1911150.0,1911150.0,0.8393375716191822,3.0,2.0,14.0,63.83161108961853,63.83161108961853,20.0,0.289658206615192,0.289658206615192,True,True,2026-10-07,2026-10-08T05:44:06+09:00,106.57,108.13,104.7,4.35,0.4105874474415111,정상 범위,상대강도 중립 · 주간 예상 범위 안,중립,"CIBR의 QQQ 대비 상대수익률은 5일 +0.9%, 20일 +6.9%, 60일 +7.1%이며, 현재는 다른 명시적 조건을 충족하지 않아 중립으로 판정됐습니다.",2026-10-08T02:52:08+00:00
2026-10-07,QQQ,IGV,소프트웨어,yfinance (Yahoo Finance),4.0,11.0,109.83999633789062,0.0315551547241592,0.0786604572601821,0.1731282661538358,0.0242777626334198,0.0589263368119246,0.0539531494991096,0.0072773920907394,0.0197341204482575,0.1191751166547261,0.1449592851927819,0.0071049009909474,0.018635970947394,False,False,0.1451933080267557,106.48250007629396,104.1852000427246,93.6672802734375,True,True,True,True,정배열 · 20일선 위/50일선 위/200일선 위,4580900,20.0,7559885.0,7559885.0,0.6059483709077585,3.0,2.0,14.0,60.291458195653085,60.291458195653085,20.0,0.2481893173586608,0.2481893173586608,False,True,2026-10-07,2026-10-08T05:44:06+09:00,109.84,111.16,108.43,3.83,0.3395243143956615,정상 범위,상대강도 중립 · 주간 예상 범위 안,중립,"IGV의 QQQ 대비 상대수익률은 5일 +0.7%, 20일 +2.0%, 60일 +11.9%이며, 현재는 다른 명시적 조건을 충족하지 않아 중립으로 판정됐습니다.",2026-10-08T02:52:08+00:00
2026-10-07,QQQ,IWM,중소형주,yfinance (Yahoo Finance),10.0,11.0,277.70001220703125,-0.0006837325250661,-0.0420269414835408,-0.0546151756323006,0.0242777626334198,0.0589263368119246,0.0539531494991096,-0.024961495158486,-0.1009532782954654,-0.1085683251314103,0.3664894083183027,-0.0243698497312975,-0.0953355061499388,False,False,0.3860492810785959,282.9529037475586,291.36558715820314,275.6340672302246,False,False,True,False,정배열 아님 · 20일선 아래/50일선 아래/200일선 위,24804700,20.0,25263855.0,25263855.0,0.9818256160827395,1.0,4.0,14.0,35.40197265384751,35.40197265384751,20.0,0.1149662077095248,0.1149662077095248,False,False,,,,,,,,,,약세,"IWM는 QQQ 대비 20일 상대수익률이 -10.1%, 60일 상대수익률이 -10.9%이고, 현재 가격 277.70가 20일선(282.95)과 50일선(291.37) 아래라 약세로 판정됐습니다.",2026-10-08T02:52:08+00:00
2026-10-07,QQQ,SKYY,클라우드,yfinance (Yahoo Finance),3.0,11.0,170.77999877929688,0.0414049213896505,0.0799291731278193,0.2258990867289825,0.0242777626334198,0.0589263368119246,0.0539531494991096,0.0171271587562307,0.0210028363158947,0.1719459372298728,0.225383716074753,0.0167212053029413,0.0198340862681034,False,False,0.2249179451843633,164.95900039672853,160.88619934082033,133.38369998931884,True,True,True,True,정배열 · 20일선 위/50일선 위/200일선 위,180100,20.0,195465.0,195465.0,0.9213925766761312,4.0,1.0,14.0,64.34719128914872,64.34719128914872,20.0,0.2176219027372288,0.2176219027372288,True,False,,,,,,,,,,중립,"SKYY의 QQQ 대비 상대수익률은 5일 +1.7%, 20일 +2.1%, 60일 +17.2%이며, 현재는 다른 명시적 조건을 충족하지 않아 중립으로 판정됐습니다.",2026-10-08T02:52:08+00:00
2026-10-07,QQQ,SMH,반도체,yfinance (Yahoo Finance),2.0,11.0,625.030029296875,0.0263218871869868,0.0883526671383343,0.0411787773630547,0.0242777626334198,0.0589263368119246,0.0539531494991096,0.0020441245535669,0.0294263303264097,-0.0127743721360549,0.8248717160567098,0.0019956740526239,0.0277888360157352,False,False,0.8078912139117358,592.9660064697266,574.8884027099609,503.7577256774902,True,True,True,True,정배열 · 20일선 위/50일선 위/200일선 위,7154000,20.0,6206155.0,6206155.0,1.1527266076983254,2.0,3.0,14.0,64.0949431313789,64.0949431313789,20.0,0.3096202727610242,0.3096202727610242,True,False,,,,,,,,,,중립,"SMH의 QQQ 대비 상대수익률은 5일 +0.2%, 20일 +2.9%, 60일 -1.3%이며, 현재는 다른 명시적 조건을 충족하지 않아 중립으로 판정됐습니다.",2026-10-08T02:52:08+00:00
2026-10-07,QQQ,XLC,커뮤니케이션 서비스,yfinance (Yahoo Finance),6.0,11.0,111.26000213623048,0.0026133271364985,0.007188346204511,0.0015853721857463,0.0242777626334198,0.0589263368119246,0.0539531494991096,-0.0216644354969213,-0.0517379906074135,-0.0523677773133632,0.146833311343181,-0.0211509380436238,-0.0488589137967608,False,False,0.1529953694557831,112.14784965515136,111.4319319152832,113.0679137802124,False,False,False,False,정배열 아님 · 20일선 아래/50일선 아래/200일선 아래,4260200,20.0,6091725.0,6091725.0,0.6993421403625409,1.0,4.0,14.0,48.356252988077394,48.356252988077394,20.0,0.21438960656035,0.21438960656035,False,True,2026-10-07,2026-10-08T05:44:06+09:00,111.26,111.65,110.32,2.15,0.3963101000050643,정상 범위,상대 모멘텀 약화 · 주간 예상 범위 안,약화,"XLC는 최근 20거래일 안에 강한 주도 조건을 보였지만, 현재 RS 비율이 20일선 아래로 내려갔고, 최근 5거래일 중 4일 QQQ를 언더퍼폼했기 때문에 모멘텀 약화로 판정됐습니다.",2026-10-08T02:52:08+00:00
2026-10-07,QQQ,XLE,에너지,yfinance (Yahoo Finance),9.0,11.0,63.36000061035156,0.0302439123634401,-0.024091011113161,0.1191679526411024,0.0242777626334198,0.0589263368119246,0.0539531494991096,0.0059661497300202,-0.0830173479250856,0.0652148031419928,0.0836181783003432,0.005824738120528,-0.0783976609506412,False,False,0.0861787329638005,63.157060050964354,62.14241065979004,56.18369230270386,True,True,True,True,정배열 · 20일선 위/50일선 위/200일선 위,27139200,20.0,34873510.0,34873510.0,0.7782181948418728,3.0,2.0,14.0,54.17928580566787,54.17928580566787,20.0,0.1968899576647791,0.1968899576647791,False,True,2026-10-07,2026-10-08T05:44:06+09:00,63.36,63.75,62.82,3.36,0.2558329922226767,정상 범위,상대 모멘텀 약화 · 주간 예상 범위 안,약화,"XLE는 최근 20거래일 안에 강한 주도 조건을 보였지만, 현재 RS 비율이 20일선 아래로 내려갔기 때문에 모멘텀 약화로 판정됐습니다.",2026-10-08T02:52:08+00:00
2026-10-07,QQQ,XLF,금융,yfinance (Yahoo Finance),11.0,11.0,53.75,0.0065542783543082,-0.0546752690422829,-0.0398677724875627,0.0242777626334198,0.0589263368119246,0.0539531494991096,-0.0177234842791116,-0.1136016058542075,-0.0938209219866724,0.0709355593489239,-0.0173033965255131,-0.1072799890842494,False,False,0.0749979507514846,54.9537296295166,56.47800308227539,53.32667375564575,False,False,True,False,정배열 아님 · 20일선 아래/50일선 아래/200일선 위,36798700,20.0,37783990.0,37783990.0,0.9739230822366828,0.0,5.0,14.0,33.29952887019006,33.29952887019006,20.0,0.1158272163703876,0.1158272163703876,False,True,2026-10-07,2026-10-08T05:44:06+09:00,53.75,54.01,53.49,2.14,0.2271365247762251,정상 범위,중기 약세 속 단기 반등,약세,"XLF는 QQQ 대비 20일 상대수익률이 -11.4%, 60일 상대수익률이 -9.4%이고, 현재 가격 53.75가 20일선(54.95)과 50일선(56.48) 아래라 약세로 판정됐습니다.",2026-10-08T02:52:08+00:00
2026-10-07,QQQ,XLI,산업재,yfinance (Yahoo Finance),8.0,11.0,167.83999633789062,0.0051503211902987,-0.0203673733008485,-0.067381013427535,0.0242777626334198,0.0589263368119246,0.0539531494991096,-0.019127441443121,-0.0792937101127732,-0.1213341629266446,0.2215037027227836,-0.0186740766429841,-0.0748812333363058,False,False,0.2311188020040718,169.42962570190429,175.7105514526367,171.73280082702638,False,False,False,False,정배열 아님 · 20일선 아래/50일선 아래/200일선 아래,8172800,20.0,7523735.0,7523735.0,1.0862689874111728,2.0,3.0,14.0,40.15937838084348,40.15937838084348,20.0,0.1432154295013656,0.1432154295013656,False,True,2026-10-07,2026-10-08T05:44:06+09:00,167.84,171.58,169.95,2.36,-0.526076961818278,정상 범위,중기 약세 · 단기 위치는 예상 범위 안,약세,"XLI는 QQQ 대비 20일 상대수익률이 -7.9%, 60일 상대수익률이 -12.1%이고, 현재 가격 167.84가 20일선(169.43)과 50일선(175.71) 아래라 약세로 판정됐습니다.",2026-10-08T02:52:08+00:00
2026-10-07,QQQ,XLV,헬스케어,yfinance (Yahoo Finance),5.0,11.0,168.80999755859375,0.0023156358739371,0.017265351553718,0.0705417952896529,0.0242777626334198,0.0589263368119246,0.0539531494991096,-0.0219621267594827,-0.0416609852582066,0.0165886457905433,0.2227838437304062,-0.0214415733316497,-0.0393426660664933,False,False,0.2292351603422465,168.0631965637207,168.25661712646485,155.74602989196777,True,True,True,False,정배열 아님 · 20일선 위/50일선 위/200일선 위,8880900,20.0,8031680.0,8031680.0,1.105733794175067,1.0,4.0,14.0,51.86802398209796,51.86802398209796,20.0,0.115086110942432,0.115086110942432,False,True,2026-10-07,2026-10-08T05:44:06+09:00,168.81,167.09,166.18,2.09,0.7572350497903627,정상 범위,상대강도 개선 · 주간 기준가 위,개선 중,"XLV는 QQQ 대비 20일 상대수익률이 아직 -4.2%이지만, 5일 상대수익률이 -2.2%로 중기 값보다 빠르게 개선돼 개선 중으로 판정됐습니다.",2026-10-08T02:52:08+00:00
2026-10-07,QQQ,XLY,경기소비재,yfinance (Yahoo Finance),7.0,11.0,111.36000061035156,0.0231532925142485,-0.0076003046784928,-0.037055494641064,0.0242777626334198,0.0589263368119246,0.0539531494991096,-0.0011244701191712,-0.0665266414904174,-0.0910086441401737,0.1469652824631032,-0.0010978175649153,-0.0628246169518336,False,False,0.1510829170203378,110.74815444946287,114.21327850341795,115.76395359039309,True,False,False,False,정배열 아님 · 20일선 위/50일선 아래/200일선 아래,6704400,20.0,6682145.0,6682145.0,1.0033305173712932,2.0,3.0,14.0,48.16988417330412,48.16988417330412,20.0,0.1400856689224421,0.1400856689224421,False,True,2026-10-07,2026-10-08T05:44:06+09:00,111.36,111.72,110.04,2.56,0.4685796074154829,정상 범위,상대강도 개선 · 주간 기준가 위,개선 중,"XLY는 QQQ 대비 20일 상대수익률이 아직 -6.7%이지만, 5일 상대수익률이 -0.1%로 중기 값보다 빠르게 개선돼 개선 중으로 판정됐습니다.",2026-10-08T02:52:08+00:00
2026-10-08,QQQ,CIBR,사이버보안,yfinance (Yahoo Finance),1.0,11.0,106.1999969482422,0.0233185411197758,0.1278999178698272,0.1408643782466228,0.0074794652154814,0.0559750759779364,0.0426603386965638,0.0158390759042943,0.0719248418918907,0.0982040395500589,0.1420583676937409,0.0157214875847682,0.0681122533363596,False,False,0.1395824010636924,102.65944175720216,98.83091033935548,80.53517116546631,True,True,True,True,정배열 · 20일선 위/50일선 위/200일선 위,1782000,20.0,1936120.0,1936120.0,0.9203974960229738,3.0,2.0,14.0,62.59261909790748,62.59261909790748,20.0,0.2896956342567369,0.2896956342567369,True,True,2026-10-08,2026-10-09T05:43:41+09:00,106.2,106.57,104.7,4.35,0.3293482198728716,정상 범위,상대강도 중립 · 주간 예상 범위 안,중립,"CIBR의 QQQ 대비 상대수익률은 5일 +1.6%, 20일 +7.2%, 60일 +9.8%이며, 현재는 다른 명시적 조건을 충족하지 않아 중립으로 판정됐습니다.",2026-10-09T03:03:03+00:00
2026-10-08,QQQ,IGV,소프트웨어,yfinance (Yahoo Finance),4.0,11.0,109.58999633789062,0.0125657667816185,0.0829051348088421,0.1665956300804425,0.0074794652154814,0.0559750759779364,0.0426603386965638,0.005086301566137,0.0269300588309056,0.1239352913838787,0.1465929985187394,0.0050485411780074,0.0255025515691891,False,False,0.1453755842921187,106.90200004577636,104.5295999145508,93.6765312576294,True,True,True,True,정배열 · 20일선 위/50일선 위/200일선 위,8925100,20.0,7629515.0,7629515.0,1.1698122357712122,3.0,2.0,14.0,59.44446073504784,59.44446073504784,20.0,0.2464619492549749,0.2464619492549749,True,True,2026-10-08,2026-10-09T05:43:41+09:00,109.59,109.84,108.43,3.83,0.2793249678716079,정상 범위,상대강도 중립 · 주간 예상 범위 안,중립,"IGV의 QQQ 대비 상대수익률은 5일 +0.5%, 20일 +2.7%, 60일 +12.4%이며, 현재는 다른 명시적 조건을 충족하지 않아 중립으로 판정됐습니다.",2026-10-09T03:03:03+00:00
2026-10-08,QQQ,IWM,중소형주,yfinance (Yahoo Finance),10.0,11.0,277.57000732421875,-0.0051966946690047,-0.0326904890843107,-0.0590831635380751,0.0074794652154814,0.0559750759779364,0.0426603386965638,-0.0126761598844862,-0.0886655650622472,-0.101743502234639,0.3712913681196759,-0.012582052857797,-0.0839655850590357,False,False,0.3843476148287778,282.48387603759767,291.16062133789063,275.7764165496826,False,False,True,False,정배열 아님 · 20일선 아래/50일선 아래/200일선 위,35685600,20.0,25698005.0,25698005.0,1.3886525432616268,1.0,4.0,14.0,35.21984541900741,35.21984541900741,20.0,0.1111019757167712,0.1111019757167712,False,False,,,,,,,,,,약세,"IWM는 QQQ 대비 20일 상대수익률이 -8.9%, 60일 상대수익률이 -10.2%이고, 현재 가격 277.57가 20일선(282.48)과 50일선(291.16) 아래라 약세로 판정됐습니다.",2026-10-09T03:03:03+00:00
2026-10-08,QQQ,SKYY,클라우드,yfinance (Yahoo Finance),2.0,11.0,170.13999938964844,0.0190464335643629,0.0863929425104834,0.2416259279377151,0.0074794652154814,0.0559750759779364,0.0426603386965638,0.0115669683488814,0.0304178665325469,0.1989655892411512,0.2275876769044257,0.011481095891525,0.0288054777281339,False,False,0.2252365560345283,165.63550033569337,161.5177993774414,133.57329998016357,True,True,True,True,정배열 · 20일선 위/50일선 위/200일선 위,177700,20.0,194420.0,194420.0,0.9140006172204506,4.0,1.0,14.0,62.59191536758853,62.59191536758853,20.0,0.2136847715201043,0.2136847715201043,True,False,,,,,,,,,,중립,"SKYY의 QQQ 대비 상대수익률은 5일 +1.2%, 20일 +3.0%, 60일 +19.9%이며, 현재는 다른 명시적 조건을 충족하지 않아 중립으로 판정됐습니다.",2026-10-09T03:03:03+00:00
2026-10-08,QQQ,SMH,반도체,yfinance (Yahoo Finance),3.0,11.0,607.27001953125,-0.0170602257473895,0.0838687580803927,0.0279296502098937,0.0074794652154814,0.0559750759779364,0.0426603386965638,-0.024539690962871,0.0278936821024562,-0.01473068848667,0.8123144086906066,-0.0243575098154705,0.0264150951447634,False,False,0.8089364714539584,595.3155059814453,576.9494030761718,505.0184507751465,True,True,True,True,정배열 · 20일선 위/50일선 위/200일선 위,11186100,20.0,6435855.0,6435855.0,1.738090743187968,1.0,4.0,14.0,54.8546029800247,54.8546029800247,20.0,0.3148665905328048,0.3148665905328048,True,False,,,,,,,,,,약화,"SMH는 최근 20거래일 안에 강한 주도 조건을 보였지만, 현재 최근 5거래일 중 4일 QQQ를 언더퍼폼했기 때문에 모멘텀 약화로 판정됐습니다.",2026-10-09T03:03:03+00:00
2026-10-08,QQQ,XLC,커뮤니케이션 서비스,yfinance (Yahoo Finance),7.0,11.0,112.06999969482422,0.0193741786985421,0.0084247301345825,-0.0082963782511706,0.0074794652154814,0.0559750759779364,0.0426603386965638,0.0118947134830607,-0.0475503458433539,-0.0509567169477345,0.1499103736494814,0.0118064078661064,-0.0450297994006322,False,False,0.1526419325606176,112.1946632385254,111.49032653808594,113.05278980255127,False,True,False,False,정배열 아님 · 20일선 아래/50일선 위/200일선 아래,6003400,20.0,6143615.0,6143615.0,0.9771771180322986,2.0,3.0,14.0,51.35400609803632,51.35400609803632,20.0,0.2148618610855592,0.2148618610855592,False,True,2026-10-08,2026-10-09T05:43:41+09:00,112.07,111.26,110.32,2.15,0.7378113563923976,정상 범위,상대 모멘텀 약화 · 주간 예상 범위 안,약화,"XLC는 최근 20거래일 안에 강한 주도 조건을 보였지만, 현재 RS 비율이 20일선 아래로 내려갔기 때문에 모멘텀 약화로 판정됐습니다.",2026-10-09T03:03:03+00:00
2026-10-08,QQQ,XLE,에너지,yfinance (Yahoo Finance),6.0,11.0,65.23999786376953,0.0405103200944683,0.0107467692613558,0.161553770275757,0.0074794652154814,0.0559750759779364,0.0426603386965638,0.0330308548789868,-0.0452283067165806,0.1188934315791931,0.0872682473746874,0.0327856358560338,-0.0428308468120753,False,False,0.0859834815329319,63.19174327850342,62.2811417388916,56.29535902023316,True,True,True,True,정배열 · 20일선 위/50일선 위/200일선 위,51290700,20.0,35577415.0,35577415.0,1.4416646066050611,3.0,2.0,14.0,63.67635347225189,63.67635347225189,20.0,0.2241349978879755,0.2241349978879755,False,True,2026-10-08,2026-10-09T05:43:41+09:00,65.24,63.36,62.82,3.36,1.1465108169979206,상단 이탈,상대강도 개선 · 단기 가격 가속 동반,개선 중,"XLE는 QQQ 대비 20일 상대수익률이 아직 -4.5%이지만, 5일 상대수익률이 +3.3%로 중기 값보다 빠르게 개선돼 개선 중으로 판정됐습니다.",2026-10-09T03:03:03+00:00
2026-10-08,QQQ,XLF,금융,yfinance (Yahoo Finance),11.0,11.0,54.22999954223633,0.0144033009904656,-0.0430467987290678,-0.0378018318631838,0.0074794652154814,0.0559750759779364,0.0426603386965638,0.0069238357749841,-0.0990218747070043,-0.0804621705597476,0.0725407291561125,0.0068724336465786,-0.0937729279408421,False,False,0.074622638824835,54.83175773620606,56.43300094604492,53.32788047790528,False,False,True,False,정배열 아님 · 20일선 아래/50일선 아래/200일선 위,47641500,20.0,38899740.0,38899740.0,1.2247254094757445,1.0,4.0,14.0,40.190148217092485,40.190148217092485,20.0,0.1230107877237304,0.1230107877237304,False,True,2026-10-08,2026-10-09T05:43:41+09:00,54.23,53.75,53.49,2.14,0.6464654935938718,정상 범위,중기 약세 속 단기 반등,약세,"XLF는 QQQ 대비 20일 상대수익률이 -9.9%, 60일 상대수익률이 -8.0%이고, 현재 가격 54.23가 20일선(54.83)과 50일선(56.43) 아래라 약세로 판정됐습니다.",2026-10-09T03:03:03+00:00
2026-10-08,QQQ,XLI,산업재,yfinance (Yahoo Finance),9.0,11.0,168.39999389648438,-0.0014231824835905,-0.0099525396725008,-0.0622426347943227,0.0074794652154814,0.0559750759779364,0.0426603386965638,-0.008902647699072,-0.0659276156504373,-0.1049029734908866,0.2252601595104516,-0.0088365549933745,-0.0624329277747223,False,False,0.2303687942613799,169.34498291015626,175.55482177734376,171.80430824279784,False,False,False,False,정배열 아님 · 20일선 아래/50일선 아래/200일선 아래,9140100,20.0,7589220.0,7589220.0,1.2043530165155312,2.0,3.0,14.0,42.00587044070003,42.00587044070003,20.0,0.1420226796055264,0.1420226796055264,False,True,2026-10-08,2026-10-09T05:43:41+09:00,168.4,167.84,169.95,2.36,-0.3864546401982595,정상 범위,중기 약세 · 단기 위치는 예상 범위 안,약세,"XLI는 QQQ 대비 20일 상대수익률이 -6.6%, 60일 상대수익률이 -10.5%이고, 현재 가격 168.40가 20일선(169.34)과 50일선(175.55) 아래라 약세로 판정됐습니다.",2026-10-09T03:03:03+00:00
2026-10-08,QQQ,XLV,헬스케어,yfinance (Yahoo Finance),5.0,11.0,168.16000366210938,0.0117930610701368,0.0189760766735871,0.0664197311765475,0.0074794652154814,0.0559750759779364,0.0426603386965638,0.0043135958546554,-0.0369989993043493,0.0237593924799837,0.2249391367050144,0.004281571985919,-0.0350377581308769,False,False,0.2288267835828215,168.21977615356445,168.30769317626954,155.82486206054688,False,False,True,False,정배열 아님 · 20일선 아래/50일선 아래/200일선 위,11123100,20.0,8191215.0,8191215.0,1.3579304169161717,2.0,3.0,14.0,49.660316145989455,49.660316145989455,20.0,0.1139997866923928,0.1139997866923928,False,True,2026-10-08,2026-10-09T05:43:41+09:00,168.16,168.81,166.18,2.09,0.5700857028839973,정상 범위,상대강도 개선 · 주간 기준가 위,개선 중,"XLV는 QQQ 대비 20일 상대수익률이 아직 -3.7%이지만, 5일 상대수익률이 +0.4%로 중기 값보다 빠르게 개선돼 개선 중으로 판정됐습니다.",2026-10-09T03:03:03+00:00
2026-10-08,QQQ,XLY,경기소비재,yfinance (Yahoo Finance),8.0,11.0,111.70999908447266,0.0266519767571657,-3.537630106076328e-05,-0.0431108313750027,0.0074794652154814,0.0559750759779364,0.0426603386965638,0.0191725115416843,-0.0560104522789972,-0.0857711700715665,0.1494288190304148,0.0190301760022311,-0.0530414529217236,False,False,0.150664423428712,110.74795684814453,114.2201840209961,115.71821537017824,True,False,False,False,정배열 아님 · 20일선 위/50일선 아래/200일선 아래,5696500,20.0,6676265.0,6676265.0,0.8532465382964877,3.0,2.0,14.0,49.838670057442194,49.838670057442194,20.0,0.1397281634493094,0.1397281634493094,False,True,2026-10-08,2026-10-09T05:43:41+09:00,111.71,111.36,110.04,2.56,0.592824200290799,정상 범위,상대강도 개선 · 주간 기준가 위,개선 중,"XLY는 QQQ 대비 20일 상대수익률이 아직 -5.6%이지만, 5일 상대수익률이 +1.9%로 중기 값보다 빠르게 개선돼 개선 중으로 판정됐습니다.",2026-10-09T03:03:03+00:00
2026-10-09,QQQ,CIBR,사이버보안,yfinance (Yahoo Finance),1.0,11.0,110.0,0.05062085201757771,0.16528784014017806,0.1971179669240566,0.0022545991126703413,0.0519987261976127,0.06532124882974255,0.04836625290490737,0.11328911394256536,0.13179671809431404,0.14641872714238455,0.04825745169713125,0.1076894022030257,True,True,0.1402941414290842,103.43957786560058,99.23056228637695,80.719033908844,True,True,True,True,정배열 · 20일선 위/50일선 위/200일선 위,1854600,20.0,1972720.0,1972720.0,0.940123281560485,4.0,1.0,14.0,69.20398138074937,69.20398138074937,20.0,0.3076169936260248,0.3076169936260248,True,True,2026-10-09,2026-10-10T07:09:04+09:00,110.0,106.2,110.0,3.66,0.0,정상 범위,중기 주도 강함 · 단기 위치는 예상 범위 안,강한 주도,"CIBR는 QQQ 대비 20일 상대수익률이 +11.3%, 60일 상대수익률이 +13.2%이고, RS 비율이 20일 신고가이며 가격이 20일선과 50일선 위라 강한 주도로 판정됐습니다.",2026-10-10T02:38:22+00:00
2026-10-09,QQQ,IGV,소프트웨어,yfinance (Yahoo Finance),2.0,11.0,112.66999816894531,0.039103549311408914,0.10983059391817296,0.20245466209760643,0.0022545991126703413,0.0519987261976127,0.06532124882974255,0.03684895019873857,0.05783186772056026,0.13713341326786388,0.14997270653665246,0.036766057478171854,0.054973324853339056,False,False,0.14576632868922093,107.45950012207031,104.91679992675782,93.69523338317872,True,True,True,True,정배열 · 20일선 위/50일선 위/200일선 위,5791800,20.0,7647320.0,7647320.0,0.7573633638974177,4.0,1.0,14.0,65.81600600880685,65.81600600880685,20.0,0.26069137361493616,0.26069137361493616,True,True,2026-10-09,2026-10-10T07:09:04+09:00,112.67,109.59,112.67,3.53,0.0,정상 범위,상대강도 중립 · 주간 예상 범위 안,중립,"IGV의 QQQ 대비 상대수익률은 5일 +3.7%, 20일 +5.8%, 60일 +13.7%이며, 현재는 다른 명시적 조건을 충족하지 않아 중립으로 판정됐습니다.",2026-10-10T02:38:22+00:00
2026-10-09,QQQ,IWM,중소형주,yfinance (Yahoo Finance),10.0,11.0,278.94000244140625,-0.009164488039747454,-0.031920454062827064,-0.053863389486145,0.0022545991126703413,0.0519987261976127,0.06532124882974255,-0.011419087152417795,-0.08391918026043976,-0.11918463831588755,0.3712912736960395,-0.011393399603780718,-0.07977118048779452,False,False,0.3827383225212814,282.0240020751953,290.9028649902344,275.91176094055174,False,False,True,False,정배열 아님 · 20일선 아래/50일선 아래/200일선 위,18705600,20.0,25316845.0,25316845.0,0.7388598381828383,1.0,4.0,14.0,38.793316781814674,38.793316781814674,20.0,0.11168759355215585,0.11168759355215585,False,False,,,,,,,,,,약세,"IWM는 QQQ 대비 20일 상대수익률이 -8.4%, 60일 상대수익률이 -11.9%이고, 현재 가격 278.94가 20일선(282.02)과 50일선(290.90) 아래라 약세로 판정됐습니다.",2026-10-10T02:38:22+00:00
2026-10-09,QQQ,SKYY,클라우드,yfinance (Yahoo Finance),3.0,11.0,174.88999938964844,0.04014511730999537,0.10361581398662945,0.28237273154467535,0.0022545991126703413,0.0519987261976127,0.06532124882974255,0.03789051819732503,0.05161708778901675,0.2170514827149328,0.2327924645505885,0.03780528244107906,0.04906573221393873,True,True,0.22578095150834473,166.4565002441406,162.21499938964843,133.78104999542236,True,True,True,True,정배열 · 20일선 위/50일선 위/200일선 위,647400,20.0,220300.0,220300.0,2.938719927371766,5.0,0.0,14.0,69.28802150060375,69.28802150060375,20.0,0.22837348778690889,0.22837348778690889,True,False,,,,,,,,,,강한 주도,"SKYY는 QQQ 대비 20일 상대수익률이 +5.2%, 60일 상대수익률이 +21.7%이고, RS 비율이 20일 신고가이며 가격이 20일선과 50일선 위라 강한 주도로 판정됐습니다.",2026-10-10T02:38:22+00:00
2026-10-09,QQQ,SMH,반도체,yfinance (Yahoo Finance),4.0,11.0,603.3300170898438,-0.04324446487768285,0.061210465586149176,0.06048308235487232,0.0022545991126703413,0.0519987261976127,0.06532124882974255,-0.045499063990353195,0.009211739388536477,-0.004838166474870231,0.803080119537164,-0.045396712602401856,0.008756416865476568,False,False,0.8092850245925295,597.0555053710938,578.2380029296875,506.23660079956056,True,True,True,True,정배열 · 20일선 위/50일선 위/200일선 위,5515000,20.0,6452510.0,6452510.0,0.8547061531094101,0.0,5.0,14.0,53.0281494067799,53.0281494067799,20.0,0.3144859570735261,0.3144859570735261,False,False,,,,,,,,,,약화,"SMH는 최근 20거래일 안에 강한 주도 조건을 보였지만, 현재 RS 비율이 20일선 아래로 내려갔고, 최근 5거래일 중 5일 QQQ를 언더퍼폼했기 때문에 모멘텀 약화로 판정됐습니다.",2026-10-10T02:38:22+00:00
2026-10-09,QQQ,XLC,커뮤니케이션 서비스,yfinance (Yahoo Finance),9.0,11.0,110.37999725341797,0.0005438502425645364,-0.016485062839959097,-0.016921593736881402,0.0022545991126703413,0.0519987261976127,0.06532124882974255,-0.001710748870105805,-0.0684837890375718,-0.08224284256662395,0.146924533634776,-0.001706900493767205,-0.06509873760503726,False,False,0.15213040251741652,112.1021572113037,111.5733285522461,113.02665885925293,False,False,False,False,정배열 아님 · 20일선 아래/50일선 아래/200일선 아래,5995200,20.0,6244385.0,6244385.0,0.9600945489427701,2.0,3.0,14.0,45.42886967776349,45.42886967776349,20.0,0.21866119144905738,0.21866119144905738,False,True,2026-10-09,2026-10-10T07:09:04+09:00,110.38,112.07,110.38,2.23,0.0,정상 범위,상대 모멘텀 약화 · 주간 예상 범위 안,약화,"XLC는 최근 20거래일 안에 강한 주도 조건을 보였지만, 현재 RS 비율이 20일선 아래로 내려갔기 때문에 모멘텀 약화로 판정됐습니다.",2026-10-10T02:38:22+00:00
2026-10-09,QQQ,XLE,에너지,yfinance (Yahoo Finance),6.0,11.0,65.08000183105469,0.03597583806446081,0.005017449025517262,0.14813816800016788,0.0022545991126703413,0.0519987261976127,0.06532124882974255,0.033721238951790466,-0.04698127717209544,0.08281691917042533,0.08662664573206438,0.03364538210315504,-0.04465906279364662,False,False,0.08578100592131084,63.207988548278806,62.41050956726074,56.40400484085083,True,True,True,True,정배열 · 20일선 위/50일선 위/200일선 위,27323700,20.0,35416970.0,35416970.0,0.7714860983308284,3.0,2.0,14.0,62.48930070318796,62.48930070318796,20.0,0.22416735770414548,0.22416735770414548,False,True,2026-10-09,2026-10-10T07:09:04+09:00,65.08,65.24,65.08,3.15,0.0,정상 범위,상대강도 개선 · 주간 기준가 위,개선 중,"XLE는 QQQ 대비 20일 상대수익률이 아직 -4.7%이지만, 5일 상대수익률이 +3.4%로 중기 값보다 빠르게 개선돼 개선 중으로 판정됐습니다.",2026-10-10T02:38:22+00:00
2026-10-09,QQQ,XLF,금융,yfinance (Yahoo Finance),11.0,11.0,54.72999954223633,0.023181862495037286,-0.04063406731316521,-0.03218155278052981,0.0022545991126703413,0.0519987261976127,0.06532124882974255,0.020927263382366945,-0.09263279351077791,-0.09750280161027236,0.07284997154070484,0.020880186931439004,-0.08805409284628463,False,False,0.07427093275830329,54.715852928161624,56.391621322631835,53.3282727432251,True,False,True,False,정배열 아님 · 20일선 위/50일선 아래/200일선 위,35459400,20.0,38940565.0,38940565.0,0.91060312042211,2.0,3.0,14.0,46.401624581850626,46.401624581850626,20.0,0.12573273002279226,0.12573273002279226,False,True,2026-10-09,2026-10-10T07:09:04+09:00,54.73,54.23,54.73,2.52,0.0,정상 범위,상대강도 개선 · 주간 기준가 위,개선 중,"XLF는 QQQ 대비 20일 상대수익률이 아직 -9.3%이지만, 5일 상대수익률이 +2.1%로 중기 값보다 빠르게 개선돼 개선 중으로 판정됐습니다.",2026-10-10T02:38:22+00:00
2026-10-09,QQQ,XLI,산업재,yfinance (Yahoo Finance),8.0,11.0,169.25,-0.004118840604953711,-0.01546161110248645,-0.057980083338259214,0.0022545991126703413,0.0519987261976127,0.06532124882974255,-0.006373439717624052,-0.06746033730009915,-0.12330133216800176,0.22528517789862348,-0.00635910249079108,-0.06412587355873578,False,False,0.229596969908915,169.21208419799805,175.38158508300782,171.8715241241455,True,False,False,False,정배열 아님 · 20일선 위/50일선 아래/200일선 아래,3889800,20.0,7504855.0,7504855.0,0.5183044842305414,3.0,2.0,14.0,44.790611838483365,44.790611838483365,20.0,0.13750675852457536,0.13750675852457536,False,True,2026-10-09,2026-10-10T07:09:04+09:00,169.25,168.4,169.25,2.35,0.0,정상 범위,상대강도 개선 · 주간 기준가 위,개선 중,"XLI는 QQQ 대비 20일 상대수익률이 아직 -6.7%이지만, 5일 상대수익률이 -0.6%로 중기 값보다 빠르게 개선돼 개선 중으로 판정됐습니다.",2026-10-10T02:38:22+00:00
2026-10-09,QQQ,XLV,헬스케어,yfinance (Yahoo Finance),5.0,11.0,170.80999755859375,0.027861385767693925,0.03691167866957601,0.05972623322753945,0.0022545991126703413,0.0519987261976127,0.06532124882974255,0.025606786655023583,-0.01508704752803669,-0.005595015602203102,0.2273616584156646,0.02554918348860058,-0.014341317296616918,False,False,0.2286613781670502,168.52379837036133,168.46596160888672,155.91192260742187,True,True,True,True,정배열 · 20일선 위/50일선 위/200일선 위,7042600,20.0,8218255.0,8218255.0,0.8569459088334446,3.0,2.0,14.0,57.5865330281899,57.5865330281899,20.0,0.12486716612001485,0.12486716612001485,False,True,2026-10-09,2026-10-10T07:09:04+09:00,170.81,168.16,170.81,2.26,0.0,정상 범위,상대강도 개선 · 주간 기준가 위,개선 중,"XLV는 QQQ 대비 20일 상대수익률이 아직 -1.5%이지만, 5일 상대수익률이 +2.6%로 중기 값보다 빠르게 개선돼 개선 중으로 판정됐습니다.",2026-10-10T02:38:22+00:00
2026-10-09,QQQ,XLY,경기소비재,yfinance (Yahoo Finance),7.0,11.0,112.8499984741211,0.02553614626694567,0.001226532497188293,-0.036146694140154256,0.0022545991126703413,0.0519987261976127,0.06532124882974255,0.02328154715427533,-0.050772193700424406,-0.10146794296989681,0.15021230122364407,0.023229174677658948,-0.04826259997855464,False,False,0.15028356016718364,110.75486907958984,114.23432388305665,115.6745447921753,True,False,False,False,정배열 아님 · 20일선 위/50일선 아래/200일선 아래,6874800,20.0,6793170.0,6793170.0,1.0120164812598536,3.0,2.0,14.0,54.928924702097014,54.928924702097014,20.0,0.1408717887137532,0.1408717887137532,False,True,2026-10-09,2026-10-10T07:09:04+09:00,112.85,111.71,112.85,2.29,0.0,정상 범위,상대강도 개선 · 주간 기준가 위,개선 중,"XLY는 QQQ 대비 20일 상대수익률이 아직 -5.1%이지만, 5일 상대수익률이 +2.3%로 중기 값보다 빠르게 개선돼 개선 중으로 판정됐습니다.",2026-10-10T02:38:22+00:00
